rank,title,filename,country_code,country,continent,classification_method,pdf_copied,note_copied,copied_pdf_name,copied_note_name
146,Credibility of climate change denial in social media,"Abhishek Samantray, & Paolo Pin (2019). Credibility of climate change denial in social media. Palgrave Communications.pdf",IT,Italy,Europe,openalex_first_author_inst,yes,yes,"Abhishek Samantray, & Paolo Pin (2019). Credibility of climate change denial in social media. Palgrave Communications.pdf","Abhishek Samantray, & Paolo Pin (2019). Credibility of climate change denial in social media. Palgrave Communications.md"
183,Twitter’s Fake News Discourses Around Climate Change and Global Warming,"Ahmed Al‐Rawi, et al (2021). Twitter’s Fake News Discourses Around Climate Change and Global Warming. Frontiers in Communication.pdf",CA,Canada,North America,openalex_first_author_inst,yes,yes,"Ahmed Al‐Rawi, et al (2021). Twitter’s Fake News Discourses Around Climate Change and Global Warming. Frontiers in Communication.pdf","Ahmed Al‐Rawi, et al (2021). Twitter’s Fake News Discourses Around Climate Change and Global Warming. Frontiers in Communication.md"
91,"Networks of climate obstruction: Discourses of denial and delay in US fossil energy, plastic, and agrichemical industries","Alaina Kinol, et al (2025). Networks of climate obstruction - Discourses of denial and delay in US fossil energy, plastic, and agrichemical industri. PLOS Climate.pdf",US,United States,North America,openalex_first_author_inst,yes,yes,"Alaina Kinol, et al (2025). Networks of climate obstruction - Discourses of denial and delay in US fossil ener [91-b643fad5].pdf","Alaina Kinol, et al (2025). Networks of climate obstruction - Discourses of denial and delay in US fossil ener [91-d51c1fde].md"
48,Science vs Conspiracy: Collective Narratives in the Age of Misinformation,"Alessandro Bessi, et al (2015). Science vs Conspiracy - Collective Narratives in the Age of Misinformation. PLoS ONE.pdf",IT,Italy,Europe,openalex_first_author_inst,yes,yes,"Alessandro Bessi, et al (2015). Science vs Conspiracy - Collective Narratives in the Age of Misinformation. PLoS ONE.pdf","Alessandro Bessi, et al (2015). Science vs Conspiracy - Collective Narratives in the Age of Misinformation. PLoS ONE.md"
51,Users Polarization on Facebook and Youtube,"Alessandro Bessi, et al (2016). Users Polarization on Facebook and Youtube. PLoS ONE.pdf",IT,Italy,Europe,openalex_first_author_inst,yes,yes,"Alessandro Bessi, et al (2016). Users Polarization on Facebook and Youtube. PLoS ONE.pdf","Alessandro Bessi, et al (2016). Users Polarization on Facebook and Youtube. PLoS ONE.md"
14,Visual digital intermediaries and global climate communication: Is climate change still a distant problem on YouTube?,"Alexandra Segerberg, & Matteo Magnani (2025). Visual digital intermediaries and global climate communication - Is climate change still a distant problem on YouTube. PLoS ONE.pdf",SE,Sweden,Europe,openalex_first_author_inst,yes,yes,"Alexandra Segerberg, & Matteo Magnani (2025). Visual digital intermediaries and global climate communication - [14-a70fa7fd].pdf","Alexandra Segerberg, & Matteo Magnani (2025). Visual digital intermediaries and global climate communication - [14-6fc0348c].md"
108,Affective Polarization in Online Climate Change Discourse on Twitter,"Aman Tyagi, et al (2020). Affective Polarization in Online Climate Change Discourse on Twitter. 2020 IEEEACM International Conference on Advances in Social Networks Analysis an.pdf",US,United States,North America,openalex_first_author_inst,yes,yes,"Aman Tyagi, et al (2020). Affective Polarization in Online Climate Change Discourse on Twitter. 2020 IEEEACM I [108-d40d33d9].pdf","Aman Tyagi, et al (2020). Affective Polarization in Online Climate Change Discourse on Twitter. 2020 IEEEACM I [108-0dc4e1c4].md"
57,Water Shortage in MENA Region: An Interdisciplinary Overview and a Suite of Practical Solutions,Anas Zyadin (2013). Water Shortage in MENA Region - An Interdisciplinary Overview and a Suite of Practical Solutions. Journal of Water Resource and Protection.pdf,FI,Finland,Europe,openalex_first_author_inst,yes,yes,Anas Zyadin (2013). Water Shortage in MENA Region - An Interdisciplinary Overview and a Suite of Practical Solutions. Journal of Water Resource and Protection.pdf,Anas Zyadin (2013). Water Shortage in MENA Region - An Interdisciplinary Overview and a Suite of Practical Solutions. Journal of Water Resource and Protection.md
55,Hashtag activism and the configuration of counterpublics: Dutch animal welfare debates on Twitter,"Anke Wonneberger, et al (2020). Hashtag activism and the configuration of counterpublics - Dutch animal welfare debates on Twitter. Information Communication & Society.pdf",NL,Netherlands,Europe,openalex_first_author_inst,yes,yes,"Anke Wonneberger, et al (2020). Hashtag activism and the configuration of counterpublics - Dutch animal welfar [55-036f13dd].pdf","Anke Wonneberger, et al (2020). Hashtag activism and the configuration of counterpublics - Dutch animal welfar [55-af47d62d].md"
50,Scientists’ Prioritization of Communication Objectives for Public Engagement,"Anthony Dudo, & John C. Besley (2016). Scientists’ Prioritization of Communication Objectives for Public Engagement. PLoS ONE.pdf",US,United States,North America,openalex_first_author_inst,yes,yes,"Anthony Dudo, & John C. Besley (2016). Scientists’ Prioritization of Communication Objectives for Public Engagement. PLoS ONE.pdf","Anthony Dudo, & John C. Besley (2016). Scientists’ Prioritization of Communication Objectives for Public Engagement. PLoS ONE.md"
25,Shifting Climates: Climate Change Communication from YouTube to TikTok,"Arianna Pera, & Luca Maria Aiello (2023). Shifting Climates - Climate Change Communication from YouTube to TikTok. arXiv (Cornell University).pdf",UNK,Unknown,Unknown,fallback_unknown,yes,yes,"Arianna Pera, & Luca Maria Aiello (2023). Shifting Climates - Climate Change Communication from YouTube to TikTok. arXiv (Cornell University).pdf","Arianna Pera, & Luca Maria Aiello (2023). Shifting Climates - Climate Change Communication from YouTube to TikTok. arXiv (Cornell University).md"
28,Narratives of Collective Action in YouTube’s Discourse on Veganism,"Arianna Pera, & Luca Maria Aiello (2024). Narratives of Collective Action in YouTube’s Discourse on Veganism. Proceedings of the International AAAI Conference on Web and Social Media.pdf",DK,Denmark,Europe,openalex_first_author_inst,yes,yes,"Arianna Pera, & Luca Maria Aiello (2024). Narratives of Collective Action in YouTube’s Discourse on Veganism. [28-5e81e2c6].pdf","Arianna Pera, & Luca Maria Aiello (2024). Narratives of Collective Action in YouTube’s Discourse on Veganism. [28-62171d49].md"
29,Shifting Climates: Climate Change Communication from YouTube to TikTok,"Arianna Pera, & Luca Maria Aiello (2024). Shifting Climates - Climate Change Communication from YouTube to TikTok. ACM Web Science Conference.pdf",DK,Denmark,Europe,openalex_first_author_inst,yes,yes,"Arianna Pera, & Luca Maria Aiello (2024). Shifting Climates - Climate Change Communication from YouTube to TikTok. ACM Web Science Conference.pdf","Arianna Pera, & Luca Maria Aiello (2024). Shifting Climates - Climate Change Communication from YouTube to TikTok. ACM Web Science Conference.md"
18,Climate change on YouTube: A potential platform for youth learning,"Beatriz Duran-Becerra, et al (2020). Climate change on YouTube - A potential platform for youth learning. Health Promotion Perspectives.pdf",US,United States,North America,openalex_first_author_inst,yes,yes,"Beatriz Duran-Becerra, et al (2020). Climate change on YouTube - A potential platform for youth learning. Health Promotion Perspectives.pdf","Beatriz Duran-Becerra, et al (2020). Climate change on YouTube - A potential platform for youth learning. Health Promotion Perspectives.md"
238,"A systematic review of the nexus between climate change and social media: present status, trends, and future challenges","Bebe Chand Sultana, et al (2024). A systematic review of the nexus between climate change and social media - present status, trends, and future challenges. Frontiers in Communication.pdf",BD,Bangladesh,Asia,openalex_first_author_inst,yes,yes,"Bebe Chand Sultana, et al (2024). A systematic review of the nexus between climate change and social media - p [238-d9d33a68].pdf","Bebe Chand Sultana, et al (2024). A systematic review of the nexus between climate change and social media - p [238-f12df3e3].md"
40,Evolución e impacto en la comunicación de valores responsables. Caso de estudio en España,Belén López Vázquez (2014). Evolución e impacto en la comunicación de valores responsables. Caso de estudio en España. Historia y Comunicación Social.pdf,ES,Spain,Europe,openalex_first_author_inst,yes,yes,Belén López Vázquez (2014). Evolución e impacto en la comunicación de valores responsables. Caso de estudio en España. Historia y Comunicación Social.pdf,Belén López Vázquez (2014). Evolución e impacto en la comunicación de valores responsables. Caso de estudio en España. Historia y Comunicación Social.md
52,Rising Above Misinformation or Fake News in Africa: Another Strategy to Control COVID-19 Spread,"Bright Opoku Ahinkorah, et al (2020). Rising Above Misinformation or Fake News in Africa - Another Strategy to Control COVID-19 Spread. Frontiers in Communication.pdf",AU,Australia,Oceania,openalex_first_author_inst,yes,yes,"Bright Opoku Ahinkorah, et al (2020). Rising Above Misinformation or Fake News in Africa - Another Strategy to [52-ebfa4988].pdf","Bright Opoku Ahinkorah, et al (2020). Rising Above Misinformation or Fake News in Africa - Another Strategy to [52-f2c6ed75].md"
336,Discourses of climate inaction undermine public support for 1.5 °C lifestyles,"Catherine Cherry, et al (2024). Discourses of climate inaction undermine public support for 1.5 °C lifestyles. Global Environmental Change.pdf",GB,United Kingdom,Europe,openalex_first_author_inst,yes,yes,"Catherine Cherry, et al (2024). Discourses of climate inaction undermine public support for 1.5 °C lifestyles. Global Environmental Change.pdf","Catherine Cherry, et al (2024). Discourses of climate inaction undermine public support for 1.5 °C lifestyles. Global Environmental Change.md"
7,DECOLONIZING NEWSMAKING ON YOUTUBE: THE CASE OF CLIMATE JOURNALISM DURING THE COP26 SUMMIT,"Christian Ritter, et al (2023). DECOLONIZING NEWSMAKING ON YOUTUBE - THE CASE OF CLIMATE JOURNALISM DURING THE COP26 SUMMIT. AoIR Selected Papers of Internet Research.pdf",SE,Sweden,Europe,openalex_first_author_inst,yes,yes,"Christian Ritter, et al (2023). DECOLONIZING NEWSMAKING ON YOUTUBE - THE CASE OF CLIMATE JOURNALISM DURING THE [7-3a5aaca7].pdf","Christian Ritter, et al (2023). DECOLONIZING NEWSMAKING ON YOUTUBE - THE CASE OF CLIMATE JOURNALISM DURING THE [7-570a3952].md"
349,Hierarchical machine learning models can identify stimuli of climate change misinformation on social media,"Cristian Rojas, et al (2024). Hierarchical machine learning models can identify stimuli of climate change misinformation on social media. Communications Earth & Environment.pdf",AU,Australia,Oceania,openalex_first_author_inst,yes,yes,"Cristian Rojas, et al (2024). Hierarchical machine learning models can identify stimuli of climate change misi [349-05304355].pdf","Cristian Rojas, et al (2024). Hierarchical machine learning models can identify stimuli of climate change misi [349-e062de03].md"
41,Using interpersonal communication strategies to encourage science conversations on social media,"Curtis Martin, & Bertrum H. MacDonald (2020). Using interpersonal communication strategies to encourage science conversations on social media. PLoS ONE.pdf",CA,Canada,North America,openalex_first_author_inst,yes,yes,"Curtis Martin, & Bertrum H. MacDonald (2020). Using interpersonal communication strategies to encourage science conversations on social media. PLoS ONE.pdf","Curtis Martin, & Bertrum H. MacDonald (2020). Using interpersonal communication strategies to encourage science conversations on social media. PLoS ONE.md"
12,Framing Climate Change on YouTube: North-South Divides in Narratives and Public Engagement,"Damle, Sanika, & Krishnan, Radhika (2025). Framing Climate Change on YouTube - North-South Divides in Narratives and Public Engagement. ArXiv.org.pdf",UNK,Unknown,Unknown,fallback_unknown,yes,yes,"Damle, Sanika, & Krishnan, Radhika (2025). Framing Climate Change on YouTube - North-South Divides in Narratives and Public Engagement. ArXiv.org.pdf","Damle, Sanika, & Krishnan, Radhika (2025). Framing Climate Change on YouTube - North-South Divides in Narratives and Public Engagement. ArXiv.org.md"
53,Understanding Environmental Posts: Sentiment and Emotion Analysis of Social Media Data,"Daniyar Amangeldi, et al (2024). Understanding Environmental Posts - Sentiment and Emotion Analysis of Social Media Data. IEEE Access.pdf",KZ,KZ,Unknown,openalex_first_author_inst,yes,yes,"Daniyar Amangeldi, et al (2024). Understanding Environmental Posts - Sentiment and Emotion Analysis of Social Media Data. IEEE Access.pdf","Daniyar Amangeldi, et al (2024). Understanding Environmental Posts - Sentiment and Emotion Analysis of Social Media Data. IEEE Access.md"
24,Analysis of climate denialism on YouTube: Refuting instead of debating,David Vicente Torrico (2023). Analysis of climate denialism on YouTube - Refuting instead of debating. Catalan Journal of Communication & Cultural Studies.pdf,ES,Spain,Europe,openalex_first_author_inst,yes,yes,David Vicente Torrico (2023). Analysis of climate denialism on YouTube - Refuting instead of debating. Catalan Journal of Communication & Cultural Studies.pdf,David Vicente Torrico (2023). Analysis of climate denialism on YouTube - Refuting instead of debating. Catalan Journal of Communication & Cultural Studies.md
35,Negacionismo y desinformación climática en YouTube,"David Vicente Torrico, & Víctor González Puente (2023). Negacionismo y desinformación climática en YouTube. Miguel Hernández Communication Journal.pdf",ES,Spain,Europe,openalex_first_author_inst,yes,yes,"David Vicente Torrico, & Víctor González Puente (2023). Negacionismo y desinformación climática en YouTube. Miguel Hernández Communication Journal.pdf","David Vicente Torrico, & Víctor González Puente (2023). Negacionismo y desinformación climática en YouTube. Miguel Hernández Communication Journal.md"
278,The new denial: climate <i>solution</i> misinformation on social media,"Emily Nicolosi, et al (2025). The new denial - climate isolutioni misinformation on social media. Global Sustainability.pdf",US,United States,North America,openalex_first_author_inst,yes,yes,"Emily Nicolosi, et al (2025). The new denial - climate isolutioni misinformation on social media. Global Sustainability.pdf","Emily Nicolosi, et al (2025). The new denial - climate isolutioni misinformation on social media. Global Sustainability.md"
2,"Why Should Scientists be on YouTube? It’s all About Bamboo, Oil and Ice Cream","Eric B. Brennan (2021). Why Should Scientists be on YouTube It’s all About Bamboo, Oil and Ice Cream. Frontiers in Communication.pdf",US,United States,North America,openalex_first_author_inst,yes,yes,"Eric B. Brennan (2021). Why Should Scientists be on YouTube It’s all About Bamboo, Oil and Ice Cream. Frontiers in Communication.pdf","Eric B. Brennan (2021). Why Should Scientists be on YouTube It’s all About Bamboo, Oil and Ice Cream. Frontiers in Communication.md"
16,Frame Sequencing the Climate Change Online: An Analysis of Evolving Narratives on YouTube Video Data,"Francesco Amato, & Alberto Maria De Mascellis (2026). Frame Sequencing the Climate Change Online - An Analysis of Evolving Narratives on YouTube Video Data. Unknown Journal.pdf",IT,Italy,Europe,openalex_first_author_inst,yes,yes,"Francesco Amato, & Alberto Maria De Mascellis (2026). Frame Sequencing the Climate Change Online - An Analysis [16-c744843a].pdf","Francesco Amato, & Alberto Maria De Mascellis (2026). Frame Sequencing the Climate Change Online - An Analysis [16-b1e7e5a5].md"
59,Uncovering a Climate Catastrophe? Media Coverage of Australia’s Black Summer Bushfires and the Revelatory Extent of the Climate Blame Frame,"Gabi Mocatta, & Erin Hawley (2020). Uncovering a Climate Catastrophe Media Coverage of Australia’s Black Summer Bushfires and the Revelatory Extent of the Climate Bla. MC Journal.pdf",AU,Australia,Oceania,openalex_first_author_inst,yes,yes,"Gabi Mocatta, & Erin Hawley (2020). Uncovering a Climate Catastrophe Media Coverage of Australia’s Black Summe [59-a4cecf4f].pdf","Gabi Mocatta, & Erin Hawley (2020). Uncovering a Climate Catastrophe Media Coverage of Australia’s Black Summe [59-bedd1113].md"
123,The changing language and sentiment of conversations about climate change in Reddit posts over sixteen years,"Gabriele Fariello, & Dariusz Jemielniak (2025). The changing language and sentiment of conversations about climate change in Reddit posts ov [123-e945484a].pdf",US,United States,North America,openalex_first_author_inst,yes,yes,"Gabriele Fariello, & Dariusz Jemielniak (2025). The changing language and sentiment of conversations about cli [123-9ef80724].pdf","Gabriele Fariello, & Dariusz Jemielniak (2025). The changing language and sentiment of conversations about cli [123-25d030d0].md"
196,Exploring Emerging NLP and Machine Learning Methods in Climate Change Discourse Analysis on Social Media: A Systematic Literature Review,"Hana Ghiloufi, et al (2025). Exploring Emerging NLP and Machine Learning Methods in Climate Change Discourse Analysis on Social Media - A Systematic Literature. Unknown Journal.pdf",CA,Canada,North America,openalex_first_author_inst,yes,yes,"Hana Ghiloufi, et al (2025). Exploring Emerging NLP and Machine Learning Methods in Climate Change Discourse A [196-a6e597ec].pdf","Hana Ghiloufi, et al (2025). Exploring Emerging NLP and Machine Learning Methods in Climate Change Discourse A [196-92678802].md"
27,Guiding interpretation towards deproblematization: A video interview with a Climate Change denier analysed as conspiracy theory,Heidi Campana Piva (2024). Guiding interpretation towards deproblematization - A video interview with a Climate Change denier analysed as conspirac. Sign Systems Studies.pdf,IT,Italy,Europe,openalex_first_author_inst,yes,yes,Heidi Campana Piva (2024). Guiding interpretation towards deproblematization - A video interview with a Climat [27-d7fa009c].pdf,Heidi Campana Piva (2024). Guiding interpretation towards deproblematization - A video interview with a Climat [27-d7a3cf10].md
275,Longitudinal national evidence that social media use did not drive climate skepticism and polarization in the 2010s,"Helen Fischer, et al (2023). Longitudinal national evidence that social media use did not drive climate skepticism and polarization in the 2010s. Unknown Journal.pdf",DE,Germany,Europe,openalex_first_author_inst,yes,yes,"Helen Fischer, et al (2023). Longitudinal national evidence that social media use did not drive climate skepti [275-35c51520].pdf","Helen Fischer, et al (2023). Longitudinal national evidence that social media use did not drive climate skepti [275-6f7f84e2].md"
6,CLIMATE ANXIETY AS A LENS INTO YOUNG PEOPLE'S POLITICAL EXPRESSION ON YOUTUBE,"Ioana Literat, & Neta Kligler-Vilenchik (2023). CLIMATE ANXIETY AS A LENS INTO YOUNG PEOPLE'S POLITICAL EXPRESSION ON YOUTUBE. AoIR Selected Papers of Internet Research.pdf",US,United States,North America,openalex_first_author_inst,yes,yes,"Ioana Literat, & Neta Kligler-Vilenchik (2023). CLIMATE ANXIETY AS A LENS INTO YOUNG PEOPLE'S POLITICAL EXPRES [6-68462cd9].pdf","Ioana Literat, & Neta Kligler-Vilenchik (2023). CLIMATE ANXIETY AS A LENS INTO YOUNG PEOPLE'S POLITICAL EXPRES [6-846864e5].md"
86,An examination of digital empathy: When farmers speak for the climate through TikTok,"İlkay Unay‐Gailhard, et al (2023). An examination of digital empathy - When farmers speak for the climate through TikTok. Journal of Rural Studies.pdf",DE,Germany,Europe,openalex_first_author_inst,yes,yes,"İlkay Unay‐Gailhard, et al (2023). An examination of digital empathy - When farmers speak for the climate through TikTok. Journal of Rural Studies.pdf","İlkay Unay‐Gailhard, et al (2023). An examination of digital empathy - When farmers speak for the climate through TikTok. Journal of Rural Studies.md"
181,Mapping climate discourse to climate opinion: An approach for augmenting surveys with social media to enhance understandings of climate opinion in the United States,"Jackson Bennett, et al (2021). Mapping climate discourse to climate opinion - An approach for augmenting surveys with social media to enhance understan. PLoS ONE.pdf",US,United States,North America,openalex_first_author_inst,yes,yes,"Jackson Bennett, et al (2021). Mapping climate discourse to climate opinion - An approach for augmenting surve [181-e817a962].pdf","Jackson Bennett, et al (2021). Mapping climate discourse to climate opinion - An approach for augmenting surve [181-06f73d6a].md"
213,Climate delay discourses present in global mainstream television coverage of the IPCC’s 2021 report,"James Painter, et al (2023). Climate delay discourses present in global mainstream television coverage of the IPCC’s 2021 report. Communications Earth & Environment.pdf",GB,United Kingdom,Europe,openalex_first_author_inst,yes,yes,"James Painter, et al (2023). Climate delay discourses present in global mainstream television coverage of the [213-148463fe].pdf","James Painter, et al (2023). Climate delay discourses present in global mainstream television coverage of the [213-26f2d789].md"
364,Event triggers and opinion leaders shape climate change discourse on Weibo,"Jianxun Yang, et al (2025). Event triggers and opinion leaders shape climate change discourse on Weibo. Communications Earth & Environment.pdf",CN,China,Asia,openalex_first_author_inst,yes,yes,"Jianxun Yang, et al (2025). Event triggers and opinion leaders shape climate change discourse on Weibo. Communications Earth & Environment.pdf","Jianxun Yang, et al (2025). Event triggers and opinion leaders shape climate change discourse on Weibo. Communications Earth & Environment.md"
31,Science on YouTube: What users find when they search for climate science and climate manipulation,Joachim Allgaier (2016). Science on YouTube - What users find when they search for climate science and climate manipulation. arXiv (Cornell University).pdf,UNK,Unknown,Unknown,fallback_unknown,yes,yes,Joachim Allgaier (2016). Science on YouTube - What users find when they search for climate science and climate manipulation. arXiv (Cornell University).pdf,Joachim Allgaier (2016). Science on YouTube - What users find when they search for climate science and climate manipulation. arXiv (Cornell University).md
41,Science and Environmental Communication on YouTube: Strategically Distorted Communications in Online Videos on Climate Change and Climate Engineering,Joachim Allgaier (2019). Science and Environmental Communication on YouTube - Strategically Distorted Communications in Online Videos on Climate Change and. Frontiers in Communication.pdf,DE,Germany,Europe,openalex_first_author_inst,yes,yes,Joachim Allgaier (2019). Science and Environmental Communication on YouTube - Strategically Distorted Communic [41-16cf5f13].pdf,Joachim Allgaier (2019). Science and Environmental Communication on YouTube - Strategically Distorted Communic [41-307584da].md
58,The geopolitics of ‘platforms’: the TikTok challenge,Joanne Gray (2021). The geopolitics of ‘platforms’ - the TikTok challenge. Internet Policy Review.pdf,AU,Australia,Oceania,openalex_first_author_inst,yes,yes,Joanne Gray (2021). The geopolitics of ‘platforms’ - the TikTok challenge. Internet Policy Review.pdf,Joanne Gray (2021). The geopolitics of ‘platforms’ - the TikTok challenge. Internet Policy Review.md
53,Do deepfake videos undermine our epistemic trust? A thematic analysis of tweets that discuss deepfakes in the Russian invasion of Ukraine,"John G. Twomey, et al (2023). Do deepfake videos undermine our epistemic trust A thematic analysis of tweets that discuss deepfakes in the Russian inv. PLoS ONE.pdf",IE,Ireland,Europe,openalex_first_author_inst,yes,yes,"John G. Twomey, et al (2023). Do deepfake videos undermine our epistemic trust A thematic analysis of tweets that discuss deepfakes in the Russian inv. PLoS ONE.pdf","John G. Twomey, et al (2023). Do deepfake videos undermine our epistemic trust A thematic analysis of tweets t [53-ccfad2bf].md"
39,Teacher Education for Sustainability in Network Society: Combining Digital and Sustainability Literacies,John Huckle (2012). Teacher Education for Sustainability in Network Society - Combining Digital and Sustainability Literacies. Journal of Teacher Education for Sustainability.pdf,GB,United Kingdom,Europe,openalex_first_author_inst,yes,yes,John Huckle (2012). Teacher Education for Sustainability in Network Society - Combining Digital and Sustainabi [39-06e4ed90].pdf,John Huckle (2012). Teacher Education for Sustainability in Network Society - Combining Digital and Sustainabi [39-6b7d787c].md
102,TEXT AND IMAGE CONTEXTUAL INCONGRUENCIES IN CLIMATE MISINFORMATION ON SOCIAL MEDIA: A NEURO-IS APPROACH,"John-Patrick Akinyemi, et al (2024). TEXT AND IMAGE CONTEXTUAL INCONGRUENCIES IN CLIMATE MISINFORMATION ON SOCIAL MEDIA - A NEURO-IS APPROACH. Unknown Journal.pdf",US,United States,North America,openalex_first_author_inst,yes,yes,"John-Patrick Akinyemi, et al (2024). TEXT AND IMAGE CONTEXTUAL INCONGRUENCIES IN CLIMATE MISINFORMATION ON SOC [102-9d391177].pdf","John-Patrick Akinyemi, et al (2024). TEXT AND IMAGE CONTEXTUAL INCONGRUENCIES IN CLIMATE MISINFORMATION ON SOC [102-b999ab95].md"
47,Speaking of Sustainability… The Triple Bottom Line in Firm- and User-Generated Content,"Jonah Blits, et al (2025). Speaking of Sustainability... The Triple Bottom Line in Firm- and User-Generated Content. Schmalenbach Journal of Business Research.pdf",DE,Germany,Europe,openalex_first_author_inst,yes,yes,"Jonah Blits, et al (2025). Speaking of Sustainability... The Triple Bottom Line in Firm- and User-Generated Content. Schmalenbach Journal of Business Research.pdf","Jonah Blits, et al (2025). Speaking of Sustainability... The Triple Bottom Line in Firm- and User-Generated Content. Schmalenbach Journal of Business Research.md"
46,Which Generation is more Environmental Consciousness? A comparative study of Generation Z &amp; Millennial to predict effect of Digital Ads on Green Buying Decisions,Khansa Zaman (2022). Which Generation is more Environmental Consciousness A comparative study of Generation Z &amp; Millennial to predict eff. Business & Economic Review.pdf,UNK,Unknown,Unknown,fallback_unknown,yes,yes,Khansa Zaman (2022). Which Generation is more Environmental Consciousness A comparative study of Generation Z [46-29e0771d].pdf,Khansa Zaman (2022). Which Generation is more Environmental Consciousness A comparative study of Generation Z [46-849d7ee2].md
85,"Evidence-based communication on climate change and health: Testing videos, text, and maps on climate change and Lyme disease in Manitoba, Canada","Laura Cameron, et al (2021). Evidence-based communication on climate change and health - Testing videos, text, and maps on climate change and Lyme disease in M. PLoS ONE.pdf",CA,Canada,North America,openalex_first_author_inst,yes,yes,"Laura Cameron, et al (2021). Evidence-based communication on climate change and health - Testing videos, text, [85-e3fba678].pdf","Laura Cameron, et al (2021). Evidence-based communication on climate change and health - Testing videos, text, [85-3c5f36e6].md"
45,Environmental Science Communication for a Young Audience: A Case Study on the #EarthOvershootDay Campaign on YouTube 🎬🌎,"Lena Kaul, et al (2020). Environmental Science Communication for a Young Audience - A Case Study on the #EarthOvershootDay Campaign on YouTube 🎬🌎. Unknown Journal.pdf",DE,Germany,Europe,openalex_first_author_inst,yes,yes,"Lena Kaul, et al (2020). Environmental Science Communication for a Young Audience - A Case Study on the #Earth [45-caea02f4].pdf","Lena Kaul, et al (2020). Environmental Science Communication for a Young Audience - A Case Study on the #Earth [45-00778be2].md"
36,From Denial to the Culture Wars: A Study of Climate Misinformation on YouTube,Lluis de Nadal (2024). From Denial to the Culture Wars - A Study of Climate Misinformation on YouTube. Environmental Communication.pdf,GB,United Kingdom,Europe,openalex_first_author_inst,yes,yes,Lluis de Nadal (2024). From Denial to the Culture Wars - A Study of Climate Misinformation on YouTube. Environmental Communication.pdf,Lluis de Nadal (2024). From Denial to the Culture Wars - A Study of Climate Misinformation on YouTube. Environmental Communication.md
9,Distributional range shift of a marine fish relates to a geographical gradient of emotions among recreational fishers,"Lucía Espasandín, et al (2024). Distributional range shift of a marine fish relates to a geographical gradient of emotions among recreational fishers. Ecology and Society.pdf",UNK,Unknown,Unknown,fallback_unknown,yes,yes,"Lucía Espasandín, et al (2024). Distributional range shift of a marine fish relates to a geographical gradie [9-fb6e3a56].pdf","Lucía Espasandín, et al (2024). Distributional range shift of a marine fish relates to a geographical gradie [9-280ba39c].md"
63,How Can Semantic Annotation Help Us to Analyse the Discourse of Climate Change in Online User Comments?,Luke Collins (2011). How Can Semantic Annotation Help Us to Analyse the Discourse of Climate Change in Online User Comments. Linguistik Online.pdf,UNK,Unknown,Unknown,fallback_unknown,yes,yes,Luke Collins (2011). How Can Semantic Annotation Help Us to Analyse the Discourse of Climate Change in Online User Comments. Linguistik Online.pdf,Luke Collins (2011). How Can Semantic Annotation Help Us to Analyse the Discourse of Climate Change in Online User Comments. Linguistik Online.md
77,"Pro-Science, Anti-Science and Neutral Science in Online Videos on Climate Change, Vaccines and Nanotechnology","M. Carmen Erviti Ilundain, et al (2020). Pro-Science, Anti-Science and Neutral Science in Online Videos on Climate Change, Vaccines and Nanotechnology. Media and Communication.pdf",ES,Spain,Europe,openalex_first_author_inst,yes,yes,"M. Carmen Erviti Ilundain, et al (2020). Pro-Science, Anti-Science and Neutral Science in Online Videos on Cli [77-5c8c9f55].pdf","M. Carmen Erviti Ilundain, et al (2020). Pro-Science, Anti-Science and Neutral Science in Online Videos on Cli [77-8c5e24c0].md"
122,"Social Media, Political Polarization, and Climate Change: A Systematic Literature Review","Marc Esteve Del Valle (2025). Social Media, Political Polarization, and Climate Change - A Systematic Literature Review. Review of Communication Research.pdf",NL,Netherlands,Europe,openalex_first_author_inst,yes,yes,"Marc Esteve Del Valle (2025). Social Media, Political Polarization, and Climate Change - A Systematic Literature Review. Review of Communication Research.pdf","Marc Esteve Del Valle (2025). Social Media, Political Polarization, and Climate Change - A Systematic Literature Review. Review of Communication Research.md"
157,Emotional framing in online environmental activism: Pairing a Twitter study with an offline experiment,"Mary Sanford, et al (2023). Emotional framing in online environmental activism - Pairing a Twitter study with an offline experiment. Frontiers in Psychology.pdf",GB,United Kingdom,Europe,openalex_first_author_inst,yes,yes,"Mary Sanford, et al (2023). Emotional framing in online environmental activism - Pairing a Twitter study with [157-58eff711].pdf","Mary Sanford, et al (2023). Emotional framing in online environmental activism - Pairing a Twitter study with [157-5a0ca805].md"
32,DEEP NEURAL NETWORKS FOR SOCIAL VISUALS: STUDYING CLIMATE COMMUNICATION ON YOUTUBE,"Matteo Magnani, & Alexandra Segerberg (2021). DEEP NEURAL NETWORKS FOR SOCIAL VISUALS - STUDYING CLIMATE COMMUNICATION ON YOUTUBE. AoIR Selected Papers of Internet Research.pdf",SE,Sweden,Europe,openalex_first_author_inst,yes,yes,"Matteo Magnani, & Alexandra Segerberg (2021). DEEP NEURAL NETWORKS FOR SOCIAL VISUALS - STUDYING CLIMATE COMMU [32-04aaebe8].pdf","Matteo Magnani, & Alexandra Segerberg (2021). DEEP NEURAL NETWORKS FOR SOCIAL VISUALS - STUDYING CLIMATE COMMU [32-31e22965].md"
221,Growing polarization around climate change on social media,"Max Falkenberg, et al (2022). Growing polarization around climate change on social media. Nature Climate Change.pdf",GB,United Kingdom,Europe,openalex_first_author_inst,yes,yes,"Max Falkenberg, et al (2022). Growing polarization around climate change on social media. Nature Climate Change.pdf","Max Falkenberg, et al (2022). Growing polarization around climate change on social media. Nature Climate Change.md"
215,News and Social Media Imagery of Climate Change,"Mike S. Schäfer, & Xiaoyue Yan (2023). News and Social Media Imagery of Climate Change. Unknown Journal.pdf",CH,Switzerland,Europe,openalex_first_author_inst,yes,yes,"Mike S. Schäfer, & Xiaoyue Yan (2023). News and Social Media Imagery of Climate Change. Unknown Journal.pdf","Mike S. Schäfer, & Xiaoyue Yan (2023). News and Social Media Imagery of Climate Change. Unknown Journal.md"
15,Analyzing YouTube users’ comments on climate change issues presented through immersive mixed reality using sentiment analysis and network analysis tools,"Naglaa Elgammal, et al (2026). Analyzing YouTube users’ comments on climate change issues presented through immersive mixed reality using sentiment ana. Frontiers in Communication.pdf",RS,Serbia,Europe,openalex_first_author_inst,yes,yes,"Naglaa Elgammal, et al (2026). Analyzing YouTube users’ comments on climate change issues presented through im [15-ebb1e9b1].pdf","Naglaa Elgammal, et al (2026). Analyzing YouTube users’ comments on climate change issues presented through im [15-bbee943c].md"
13,Framing of Climate Change in Pakistani YouTube Content: A Content Analysis of Climate-Related Videos Across Selected Communication Channels,"Nasir Iqbal Malik, et al (2025). Framing of Climate Change in Pakistani YouTube Content - A Content Analysis of Climate-Related Videos Across Selected Co. Regional lens.pdf",PK,Pakistan,Asia,openalex_first_author_inst,yes,yes,"Nasir Iqbal Malik, et al (2025). Framing of Climate Change in Pakistani YouTube Content - A Content Analysis o [13-8e1a7bfc].pdf","Nasir Iqbal Malik, et al (2025). Framing of Climate Change in Pakistani YouTube Content - A Content Analysis o [13-764f65f1].md"
230,Characterising climate change discourse on social media during extreme weather events,"Nicholas Roxburgh, et al (2018). Characterising climate change discourse on social media during extreme weather events. Global Environmental Change.pdf",GB,United Kingdom,Europe,openalex_first_author_inst,yes,yes,"Nicholas Roxburgh, et al (2018). Characterising climate change discourse on social media during extreme weather events. Global Environmental Change.pdf","Nicholas Roxburgh, et al (2018). Characterising climate change discourse on social media during extreme weather events. Global Environmental Change.md"
160,Using algorithms to identify social activism and climate skepticism in user-generated content on Twitter,"Nuria Villagra García, et al (2023). Using algorithms to identify social activism and climate skepticism in user-generated content on Twitter. El Profesional de la Informacion.pdf",ES,Spain,Europe,openalex_first_author_inst,yes,yes,"Nuria Villagra García, et al (2023). Using algorithms to identify social activism and climate skepticism in us [160-5fd2e478].pdf","Nuria Villagra García, et al (2023). Using algorithms to identify social activism and climate skepticism in us [160-a42778f1].md"
71,The Construction of Climate Change Discourse in Online News Comment Sections: A Critical Discourse Analysis,"Orhewere J.A., & Olley W.O (2023). The Construction of Climate Change Discourse in Online News Comment Sections - A Critical Discourse Analy [71-778510a5].pdf",NG,Nigeria,Africa,openalex_first_author_inst,yes,yes,"Orhewere J.A., & Olley W.O (2023). The Construction of Climate Change Discourse in Online News Comment Sections - A Critical Discourse Analy [71-778510a5].pdf","Orhewere J.A., & Olley W.O (2023). The Construction of Climate Change Discourse in Online News Comment Sections - A Critical Discourse Analy [71-778510a5].md"
22,Science by YouTube: an Analysis of YouTube’s Recommendations on the Climate Change Issue,"Pınar Dündar, & Heritiana Renaud Ranaivoson (2022). Science by YouTube - an Analysis of YouTube’s Recommendations on the Climate Change Issue. Observatorio (OBS).pdf",TR,Turkey,Europe/Asia,openalex_first_author_inst,yes,yes,"Pınar Dündar, & Heritiana Renaud Ranaivoson (2022). Science by YouTube - an Analysis of YouTube’s Recommendat [22-35baf729].pdf","Pınar Dündar, & Heritiana Renaud Ranaivoson (2022). Science by YouTube - an Analysis of YouTube’s Recommendat [22-ba8b4fe7].md"
55,"Scientists, but deny science? Climate change sceptics networks on YouTube led by scientists","Q. Y. Liu, et al (2025). Scientists, but deny science Climate change sceptics networks on YouTube led by scientists. Information Research an international electronic journal.pdf",US,United States,North America,openalex_first_author_inst,yes,yes,"Q. Y. Liu, et al (2025). Scientists, but deny science Climate change sceptics networks on YouTube led by scien [55-70d7cb0f].pdf","Q. Y. Liu, et al (2025). Scientists, but deny science Climate change sceptics networks on YouTube led by scien [55-620e4793].md"
96,Do fossil fuel firms reframe online climate and sustainability communication? A data-driven analysis,"Ramit Debnath, et al (2023). Do fossil fuel firms reframe online climate and sustainability communication A data-driven analysis. npj Climate Action.pdf",US,United States,North America,openalex_first_author_inst,yes,yes,"Ramit Debnath, et al (2023). Do fossil fuel firms reframe online climate and sustainability communication A da [96-9b1849be].pdf","Ramit Debnath, et al (2023). Do fossil fuel firms reframe online climate and sustainability communication A da [96-adbb44e3].md"
5,"Social media influence on young people and children: Analysis on Instagram, Twitter and YouTube","Raquel Lozano-Blasco, et al (2022). Social media influence on young people and children - Analysis on Instagram, Twitter and YouTube. Comunicar.pdf",ES,Spain,Europe,openalex_first_author_inst,yes,yes,"Raquel Lozano-Blasco, et al (2022). Social media influence on young people and children - Analysis on Instagram, Twitter and YouTube. Comunicar.pdf","Raquel Lozano-Blasco, et al (2022). Social media influence on young people and children - Analysis on Instagram, Twitter and YouTube. Comunicar.md"
103,Optimizing Social Media Platforms to Foster Active Public Engagement in Tackling Climate Change and Environmental Conservation,"Rina Lestari, et al (2025). Optimizing Social Media Platforms to Foster Active Public Engagement in Tackling Climate Change and Environmental Conservation. Society.pdf",ID,Indonesia,Asia,openalex_first_author_inst,yes,yes,"Rina Lestari, et al (2025). Optimizing Social Media Platforms to Foster Active Public Engagement in Tackling C [103-03b957d8].pdf","Rina Lestari, et al (2025). Optimizing Social Media Platforms to Foster Active Public Engagement in Tackling C [103-4f2cd736].md"
56,"Fracking on YouTube: Exploring Risks, Benefits and Human Values","Rusi Jaspal, et al (2014). Fracking on YouTube - Exploring Risks, Benefits and Human Values. Environmental Values.pdf",GB,United Kingdom,Europe,openalex_first_author_inst,yes,yes,"Rusi Jaspal, et al (2014). Fracking on YouTube - Exploring Risks, Benefits and Human Values. Environmental Values.pdf","Rusi Jaspal, et al (2014). Fracking on YouTube - Exploring Risks, Benefits and Human Values. Environmental Values.md"
50,A Survey on Energy Consumption and Environmental Impact of Video Streaming,"Samira Afzal, et al (2024). A Survey on Energy Consumption and Environmental Impact of Video Streaming. arXiv (Cornell University).pdf",UNK,Unknown,Unknown,fallback_unknown,yes,yes,"Samira Afzal, et al (2024). A Survey on Energy Consumption and Environmental Impact of Video Streaming. arXiv (Cornell University).pdf","Samira Afzal, et al (2024). A Survey on Energy Consumption and Environmental Impact of Video Streaming. arXiv (Cornell University).md"
33,Potentials and Limitations of Educational Videos on YouTube for Science Communication,"Sarah Kohler, & Tabea Clara Dietrich (2021). Potentials and Limitations of Educational Videos on YouTube for Science Communication. Frontiers in Communication.pdf",DE,Germany,Europe,openalex_first_author_inst,yes,yes,"Sarah Kohler, & Tabea Clara Dietrich (2021). Potentials and Limitations of Educational Videos on YouTube for Science Communication. Frontiers in Communication.pdf","Sarah Kohler, & Tabea Clara Dietrich (2021). Potentials and Limitations of Educational Videos on YouTube for Science Communication. Frontiers in Communication.md"
92,Relative engagement with sources of climate misinformation is growing across social media platforms,"Saverio Storani, et al (2025). Relative engagement with sources of climate misinformation is growing across social media platforms. Scientific Reports.pdf",IT,Italy,Europe,openalex_first_author_inst,yes,yes,"Saverio Storani, et al (2025). Relative engagement with sources of climate misinformation is growing across social media platforms. Scientific Reports.pdf","Saverio Storani, et al (2025). Relative engagement with sources of climate misinformation is growing across social media platforms. Scientific Reports.md"
363,Beyond climate change? Environmental discourse on the planetary boundaries in Twitter networks,"Shreya Dubey, et al (2024). Beyond climate change Environmental discourse on the planetary boundaries in Twitter networks. Climatic Change.pdf",NL,Netherlands,Europe,openalex_first_author_inst,yes,yes,"Shreya Dubey, et al (2024). Beyond climate change Environmental discourse on the planetary boundaries in Twitter networks. Climatic Change.pdf","Shreya Dubey, et al (2024). Beyond climate change Environmental discourse on the planetary boundaries in Twitter networks. Climatic Change.md"
21,Negotiating the Data Deluge on YouTube: Practices of Knowledge Appropriation and Articulated Ambiguity Around Visual Scenarios of Sea-Level Rise Futures,Simon David Hirsbrunner (2021). Negotiating the Data Deluge on YouTube - Practices of Knowledge Appropriation and Articulated Ambiguity Around Visual Sc. Frontiers in Communication.pdf,FR,France,Europe,fallback_domain:.fr,yes,yes,Simon David Hirsbrunner (2021). Negotiating the Data Deluge on YouTube - Practices of Knowledge Appropriation [21-8f07f694].pdf,Simon David Hirsbrunner (2021). Negotiating the Data Deluge on YouTube - Practices of Knowledge Appropriation [21-22b0de51].md
10,Climate Communication in the Hybrid Media System: Media and Stakeholder Logics on Social Media,"Simon M. Luebke, et al (2025). Climate Communication in the Hybrid Media System - Media and Stakeholder Logics on Social Media. Media and Communication.pdf",US,United States,North America,openalex_first_author_inst,yes,yes,"Simon M. Luebke, et al (2025). Climate Communication in the Hybrid Media System - Media and Stakeholder Logics [10-63a250a2].pdf","Simon M. Luebke, et al (2025). Climate Communication in the Hybrid Media System - Media and Stakeholder Logics [10-2f9ae274].md"
174,"Into the Digital Wild: Utilizing Twitter, Instagram, YouTube, and Facebook for Effective Science and Environmental Communication","Sophie Pavelle, & Clare Wilkinson (2020). Into the Digital Wild - Utilizing Twitter, Instagram, YouTube, and Facebook for Effective Science [174-abf80d7c].pdf",GB,United Kingdom,Europe,openalex_first_author_inst,yes,yes,"Sophie Pavelle, & Clare Wilkinson (2020). Into the Digital Wild - Utilizing Twitter, Instagram, YouTube, and F [174-1fc64150].pdf","Sophie Pavelle, & Clare Wilkinson (2020). Into the Digital Wild - Utilizing Twitter, Instagram, YouTube, and F [174-599de512].md"
49,"Science and the public: Debate, denial, and skepticism","Stephan Lewandowsky, et al (2016). Science and the public - Debate, denial, and skepticism. Journal of Social and Political Psychology.pdf",GB,United Kingdom,Europe,openalex_first_author_inst,yes,yes,"Stephan Lewandowsky, et al (2016). Science and the public - Debate, denial, and skepticism. Journal of Social and Political Psychology.pdf","Stephan Lewandowsky, et al (2016). Science and the public - Debate, denial, and skepticism. Journal of Social and Political Psychology.md"
287,Ideological biases in social sharing of online information about climate change,"Tristan J. B. Cann, et al (2021). Ideological biases in social sharing of online information about climate change. PLoS ONE.pdf",GB,United Kingdom,Europe,openalex_first_author_inst,yes,yes,"Tristan J. B. Cann, et al (2021). Ideological biases in social sharing of online information about climate change. PLoS ONE.pdf","Tristan J. B. Cann, et al (2021). Ideological biases in social sharing of online information about climate change. PLoS ONE.md"
76,Video Engagement Effectiveness on Climate Change: An empirical investigation on university students,"Vaggelis Saprikis, et al (2024). Video Engagement Effectiveness on Climate Change - An empirical investigation on university students. E3S Web of Conferences.pdf",GR,Greece,Europe,openalex_first_author_inst,yes,yes,"Vaggelis Saprikis, et al (2024). Video Engagement Effectiveness on Climate Change - An empirical investigation on university students. E3S Web of Conferences.pdf","Vaggelis Saprikis, et al (2024). Video Engagement Effectiveness on Climate Change - An empirical investigation on university students. E3S Web of Conferences.md"
26,Video features predicting engagement in climate change education,"Vasiliki Christodoulou, et al (2023). Video features predicting engagement in climate change education. E3S Web of Conferences.pdf",CY,Cyprus,Europe/Asia,openalex_first_author_inst,yes,yes,"Vasiliki Christodoulou, et al (2023). Video features predicting engagement in climate change education. E3S Web of Conferences.pdf","Vasiliki Christodoulou, et al (2023). Video features predicting engagement in climate change education. E3S Web of Conferences.md"
52,On Presenters and Commenters in YouTube Climate Change Videos,"Vered Aharonson, & Jared Joselowitz (2024). On Presenters and Commenters in YouTube Climate Change Videos. European Conference on Social Media.pdf",ZA,South Africa,Africa,openalex_first_author_inst,yes,yes,"Vered Aharonson, & Jared Joselowitz (2024). On Presenters and Commenters in YouTube Climate Change Videos. European Conference on Social Media.pdf","Vered Aharonson, & Jared Joselowitz (2024). On Presenters and Commenters in YouTube Climate Change Videos. European Conference on Social Media.md"
323,Discourses of climate delay,"William F. Lamb, et al (2020). Discourses of climate delay. Global Sustainability.pdf",DE,Germany,Europe,openalex_first_author_inst,yes,yes,"William F. Lamb, et al (2020). Discourses of climate delay. Global Sustainability.pdf","William F. Lamb, et al (2020). Discourses of climate delay. Global Sustainability.md"
4,Promoting Green Brand of University in Social Media: Text Mining and Sentiment Analysis,"Yana Us, et al (2022). Promoting Green Brand of University in Social Media - Text Mining and Sentiment Analysis. Virtual Economics.pdf",UA,Ukraine,Europe,openalex_first_author_inst,yes,yes,"Yana Us, et al (2022). Promoting Green Brand of University in Social Media - Text Mining and Sentiment Analysis. Virtual Economics.pdf","Yana Us, et al (2022). Promoting Green Brand of University in Social Media - Text Mining and Sentiment Analysis. Virtual Economics.md"
34,Shaping climate change discourse: the nexus between political media landscape and recommendation systems in social networks,Yousef Sakieh (2023). Shaping climate change discourse - the nexus between political media landscape and recommendation systems in social netw. Social Network Analysis and Mining.pdf,FI,Finland,Europe,openalex_first_author_inst,yes,yes,Yousef Sakieh (2023). Shaping climate change discourse - the nexus between political media landscape and recom [34-3081736f].pdf,Yousef Sakieh (2023). Shaping climate change discourse - the nexus between political media landscape and recom [34-4d6119db].md
120,Bridging ideologies: analyzing the use of moral language and framing in social media discourse on climate change by U.S. congress members through computational approaches,"Yunya Song, et al (2025). Bridging ideologies - analyzing the use of moral language and framing in social media discourse on climate change by U.S. Climatic Change.pdf",HK,Hong Kong,Asia,openalex_first_author_inst,yes,yes,"Yunya Song, et al (2025). Bridging ideologies - analyzing the use of moral language and framing in social medi [120-cd24fc5b].pdf","Yunya Song, et al (2025). Bridging ideologies - analyzing the use of moral language and framing in social medi [120-8d0c5228].md"
73,Effective Elements of Climate Change Videos on the YouTube Platform,"Zeinab Shahbazi, & Sławomir Nowaczyk (2024). Effective Elements of Climate Change Videos on the YouTube Platform. European Conference on Social Media.pdf",SE,Sweden,Europe,openalex_first_author_inst,yes,yes,"Zeinab Shahbazi, & Sławomir Nowaczyk (2024). Effective Elements of Climate Change Videos on the YouTube Platform. European Conference on Social Media.pdf","Zeinab Shahbazi, & Sławomir Nowaczyk (2024). Effective Elements of Climate Change Videos on the YouTube Platform. European Conference on Social Media.md"
