rank,title,authors,year,journal,doi,landing_url,pdf_url,pdf_host,publisher,type,language,relevance_score,relation_type,matched_queries,download_status,download_error,filename,text_path
1,Measuring Online Political Dialogue: Does Polarization Trigger More Deliberation?,Ignacio-Jesús Serrano-Contreras; Javier García Marín; Óscar G. Luengo,2020,Media and Communication,https://doi.org/10.17645/mac.v8i4.3149,https://doi.org/10.17645/mac.v8i4.3149,https://www.cogitatiopress.com/mediaandcommunication/article/download/3149/3149,www.cogitatiopress.com,Cogitatio,article,en,51,direct,direct_yt_climate; direct_yt_comments; public_sphere; social_media_comments,failed,Non-PDF response from https://doi.org/10.17645/mac.v8i4.3149,"Ignacio-Jesús Serrano-Contreras, et al (2020). Measuring Online Political Dialogue - Does Polarization Trigger More Deliberation. Media and Communication.pdf",
2,"Why Should Scientists be on YouTube? It’s all About Bamboo, Oil and Ice Cream",Eric B. Brennan,2021,Frontiers in Communication,https://doi.org/10.3389/fcomm.2021.586297,https://doi.org/10.3389/fcomm.2021.586297,https://www.frontiersin.org/articles/10.3389/fcomm.2021.586297/pdf,www.frontiersin.org,Frontiers Media,article,en,48,direct,direct_yt_climate; yt_comm; yt_misinfo,downloaded,,"Eric B. Brennan (2021). Why Should Scientists be on YouTube It’s all About Bamboo, Oil and Ice Cream. Frontiers in Communication.pdf","data\text\Eric B. Brennan (2021). Why Should Scientists be on YouTube It’s all About Bamboo, Oil and Ice Cream. Frontiers in Communication.txt"
3,Rezo and German Climate Change Policy: The Influence of Networked Expertise on YouTube and Beyond,Joachim Allgaier,2020,Media and Communication,https://doi.org/10.17645/mac.v8i2.2862,https://doi.org/10.17645/mac.v8i2.2862,https://www.cogitatiopress.com/mediaandcommunication/article/download/2862/2862,www.cogitatiopress.com,Cogitatio,article,en,47,direct,direct_yt_climate,failed,Non-PDF response from https://doi.org/10.17645/mac.v8i2.2862,Joachim Allgaier (2020). Rezo and German Climate Change Policy - The Influence of Networked Expertise on YouTube and Beyond. Media and Communication.pdf,
4,Promoting Green Brand of University in Social Media: Text Mining and Sentiment Analysis,Yana Us; Tetyana Pimonenko; Oleksii Lyulyov; Yang Chen; Tatjana Tambovceva,2022,Virtual Economics,https://doi.org/10.34021/ve.2022.05.01(2),https://doi.org/10.34021/ve.2022.05.01(2),https://www.virtual-economics.eu/index.php/VE/article/download/142/98,www.virtual-economics.eu,,article,en,47,direct,direct_yt_climate,downloaded,,"Yana Us, et al (2022). Promoting Green Brand of University in Social Media - Text Mining and Sentiment Analysis. Virtual Economics.pdf","data\text\Yana Us, et al (2022). Promoting Green Brand of University in Social Media - Text Mining and Sentiment Analysis. Virtual Economics.txt"
5,"Social media influence on young people and children: Analysis on Instagram, Twitter and YouTube",Raquel Lozano-Blasco; Marta Mira-Aladrén; Mercedes Gil‐Lamata,2022,Comunicar,https://doi.org/10.3916/c74-2023-10,https://doi.org/10.3916/c74-2023-10,https://www.revistacomunicar.com/verpdf.php?numero=74&articulo=74-2023-10,www.revistacomunicar.com,Grupo Comunicar Ediciones,article,en,47,direct,content_analysis; direct_yt_climate,failed,Non-PDF response from https://doi.org/10.3916/c74-2023-10,"Raquel Lozano-Blasco, et al (2022). Social media influence on young people and children - Analysis on Instagram, Twitter and YouTube. Comunicar.pdf",
6,CLIMATE ANXIETY AS A LENS INTO YOUNG PEOPLE'S POLITICAL EXPRESSION ON YOUTUBE,Ioana Literat; Neta Kligler-Vilenchik,2023,AoIR Selected Papers of Internet Research,https://doi.org/10.5210/spir.v2023i0.13449,https://doi.org/10.5210/spir.v2023i0.13449,https://spir.aoir.org/ojs/index.php/spir/article/download/13449/11445,spir.aoir.org,,article,en,47,direct,content_analysis; direct_yt_comments; yt_comm,downloaded,,"Ioana Literat, & Neta Kligler-Vilenchik (2023). CLIMATE ANXIETY AS A LENS INTO YOUNG PEOPLE'S POLITICAL EXPRESSION ON YOUTUBE. AoIR Selected Papers of Internet Research.pdf","data\text\Ioana Literat, & Neta Kligler-Vilenchik (2023). CLIMATE ANXIETY AS A LENS INTO YOUNG PEOPLE'S POLITICAL EXPRESSION ON YOUTUBE. AoIR Selected Papers of Internet Research.txt"
7,DECOLONIZING NEWSMAKING ON YOUTUBE: THE CASE OF CLIMATE JOURNALISM DURING THE COP26 SUMMIT,Christian Ritter; Rahul Goel; Rajesh Sharma,2023,AoIR Selected Papers of Internet Research,https://doi.org/10.5210/spir.v2022i0.13078,http://dx.doi.org/10.5210/spir.v2022i0.13078,https://spir.aoir.org/ojs/index.php/spir/article/download/13078/10977,spir.aoir.org,,article,en,47,direct,direct_yt_climate; direct_yt_comments; yt_comm,downloaded,,"Christian Ritter, et al (2023). DECOLONIZING NEWSMAKING ON YOUTUBE - THE CASE OF CLIMATE JOURNALISM DURING THE COP26 SUMMIT. AoIR Selected Papers of Internet Research.pdf","data\text\Christian Ritter, et al (2023). DECOLONIZING NEWSMAKING ON YOUTUBE - THE CASE OF CLIMATE JOURNALISM DURING THE COP26 SUMMIT. AoIR Selected Papers of Internet Research.txt"
8,"Fuelling the climate and science ‘denial machine’ on social media: A case study of the Great Barrier Reef’s 2021 ‘in danger’ recommendation on Twitter, YouTube and Facebook",Carly Lubicz-Zaorski; Maxine Newlands; Theresa Petray,2023,Public Understanding of Science,https://doi.org/10.1177/09636625231202117,https://doi.org/10.1177/09636625231202117,https://journals.sagepub.com/doi/pdf/10.1177/09636625231202117,journals.sagepub.com,SAGE Publishing,article,en,47,direct,env_comm_video; yt_comm; yt_denial,failed,HTTP 403 from https://doi.org/10.1177/09636625231202117,"Carly Lubicz-Zaorski, et al (2023). Fuelling the climate and science ‘denial machine’ on social media - A case study of the Great Barrier Reef’s 2021 ‘in da. Public Understanding of Science.pdf",
9,Distributional range shift of a marine fish relates to a geographical gradient of emotions among recreational fishers,Lucía Espasandín; Marta Coll; Valerio Sbragaglia,2024,Ecology and Society,https://doi.org/10.5751/es-14793-290121,https://doi.org/10.5751/es-14793-290121,https://www.ecologyandsociety.org/vol29/iss1/art21/ES-2023-14793.pdf,www.ecologyandsociety.org,Resilience Alliance,article,en,47,direct,direct_yt_comments,downloaded,,"Lucía Espasandín, et al (2024). Distributional range shift of a marine fish relates to a geographical gradient of emotions among recreational fishers. Ecology and Society.pdf","data\text\Lucía Espasandín, et al (2024). Distributional range shift of a marine fish relates to a geographical gradient of emotions among recreational fishers. Ecology and Society.txt"
10,Climate Communication in the Hybrid Media System: Media and Stakeholder Logics on Social Media,Simon M. Luebke; Nadezhda Ozornina; Mario Haim; Jörg Haßler,2025,Media and Communication,https://doi.org/10.17645/mac.9892,https://doi.org/10.17645/mac.9892,https://www.cogitatiopress.com/mediaandcommunication/article/download/9552/4403,www.cogitatiopress.com,Cogitatio,article,en,47,direct,content_analysis; direct_yt_climate; yt_comm,downloaded,,"Simon M. Luebke, et al (2025). Climate Communication in the Hybrid Media System - Media and Stakeholder Logics on Social Media. Media and Communication.pdf","data\text\Simon M. Luebke, et al (2025). Climate Communication in the Hybrid Media System - Media and Stakeholder Logics on Social Media. Media and Communication.txt"
11,Denial and misinformation in defense of the tar sands: The case of a Canadian think tank,Timothy J. Haney,2025,Sociological Forum,https://doi.org/10.1111/socf.13042,https://doi.org/10.1111/socf.13042,https://onlinelibrary.wiley.com/doi/pdfdirect/10.1111/socf.13042,onlinelibrary.wiley.com,Wiley,article,en,47,direct,yt_denial; yt_misinfo; yt_skepticism,failed,HTTP 403 from https://doi.org/10.1111/socf.13042,Timothy J. Haney (2025). Denial and misinformation in defense of the tar sands - The case of a Canadian think tank. Sociological Forum.pdf,
12,Framing Climate Change on YouTube: North-South Divides in Narratives and Public Engagement,"Damle, Sanika; Krishnan, Radhika",2025,ArXiv.org,,http://arxiv.org/abs/2512.08183,https://arxiv.org/pdf/2512.08183,arxiv.org,,article,,47,direct,direct_yt_climate,downloaded,,"Damle, Sanika, & Krishnan, Radhika (2025). Framing Climate Change on YouTube - North-South Divides in Narratives and Public Engagement. ArXiv.org.pdf","data\text\Damle, Sanika, & Krishnan, Radhika (2025). Framing Climate Change on YouTube - North-South Divides in Narratives and Public Engagement. ArXiv.org.txt"
13,Framing of Climate Change in Pakistani YouTube Content: A Content Analysis of Climate-Related Videos Across Selected Communication Channels,Nasir Iqbal Malik; Muazzam Arif; Iqra Tariq; Azam Khan; Mian Muhammad Ramazan,2025,Regional lens.,https://doi.org/10.55737/rl.2025.44138,https://doi.org/10.55737/rl.2025.44138,https://regionallens.com/index.php/rl/article/download/138/172,regionallens.com,,article,,47,direct,direct_yt_climate; yt_comm,downloaded,,"Nasir Iqbal Malik, et al (2025). Framing of Climate Change in Pakistani YouTube Content - A Content Analysis of Climate-Related Videos Across Selected Co. Regional lens.pdf","data\text\Nasir Iqbal Malik, et al (2025). Framing of Climate Change in Pakistani YouTube Content - A Content Analysis of Climate-Related Videos Across Selected Co. Regional lens.txt"
14,Visual digital intermediaries and global climate communication: Is climate change still a distant problem on YouTube?,Alexandra Segerberg; Matteo Magnani,2025,PLoS ONE,https://doi.org/10.1371/journal.pone.0318338,https://doi.org/10.1371/journal.pone.0318338,https://uu.diva-portal.org/smash/get/diva2:1955255/FULLTEXT01,uu.diva-portal.org,Public Library of Science,article,en,47,direct,direct_yt_climate; yt_comm,failed,Non-PDF response from https://doi.org/10.1371/journal.pone.0318338,"Alexandra Segerberg, & Matteo Magnani (2025). Visual digital intermediaries and global climate communication - Is climate change still a distant problem on YouTube. PLoS ONE.pdf",
15,Analyzing YouTube users’ comments on climate change issues presented through immersive mixed reality using sentiment analysis and network analysis tools,Naglaa Elgammal; Hadeer Ahmed Mohamed; Sara Abdel Latif Abdel Halim; Fathia Sabry Abd ElRahman; Hala Elalfy Fawzy,2026,Frontiers in Communication,https://doi.org/10.3389/fcomm.2025.1657059,https://doi.org/10.3389/fcomm.2025.1657059,https://public-pages-files-2025.frontiersin.org/journals/communication/articles/10.3389/fcomm.2025.1657059/pdf,public-pages-files-2025.frontiersin.org,Frontiers Media,article,en,47,direct,direct_yt_climate; direct_yt_comments,downloaded,,"Naglaa Elgammal, et al (2026). Analyzing YouTube users’ comments on climate change issues presented through immersive mixed reality using sentiment ana. Frontiers in Communication.pdf","data\text\Naglaa Elgammal, et al (2026). Analyzing YouTube users’ comments on climate change issues presented through immersive mixed reality using sentiment ana. Frontiers in Communication.txt"
16,Frame Sequencing the Climate Change Online: An Analysis of Evolving Narratives on YouTube Video Data,Francesco Amato; Alberto Maria De Mascellis,2026,,https://doi.org/10.21203/rs.3.rs-8831546/v1,https://doi.org/10.21203/rs.3.rs-8831546/v1,https://www.researchsquare.com/article/rs-8831546/latest.pdf,www.researchsquare.com,,preprint,,47,direct,direct_yt_climate,downloaded,,"Francesco Amato, & Alberto Maria De Mascellis (2026). Frame Sequencing the Climate Change Online - An Analysis of Evolving Narratives on YouTube Video Data. Unknown Journal.pdf","data\text\Francesco Amato, & Alberto Maria De Mascellis (2026). Frame Sequencing the Climate Change Online - An Analysis of Evolving Narratives on YouTube Video Data. Unknown Journal.txt"
17,Uncovering gender stereotypes in controversial science discourse: evidence from computational text and visual analyses across digital platforms,Kaiping Chen; Zening Duan; Sang Jung Kim,2023,Journal of Computer-Mediated Communication,https://doi.org/10.1093/jcmc/zmad052,https://doi.org/10.1093/jcmc/zmad052,https://academic.oup.com/jcmc/article-pdf/29/1/zmad052/56546519/zmad052.pdf,academic.oup.com,Wiley,article,en,46,direct,yt_misinfo,failed,HTTP 403 from https://doi.org/10.1093/jcmc/zmad052,"Kaiping Chen, et al (2023). Uncovering gender stereotypes in controversial science discourse - evidence from computational text and visual analyses. Journal of Computer-Mediated Communication.pdf",
18,Climate change on YouTube: A potential platform for youth learning,Beatriz Duran-Becerra; Grace Clarke Hillyer; Alison Cosgrove; Corey H. Basch,2020,Health Promotion Perspectives,https://doi.org/10.34172/hpp.2020.42,https://doi.org/10.34172/hpp.2020.42,https://hpp.tbzmed.ac.ir/PDF/hpp-10-282.pdf,hpp.tbzmed.ac.ir,Tabriz University of Medical Sciences,article,en,44,direct,direct_yt_climate,downloaded,,"Beatriz Duran-Becerra, et al (2020). Climate change on YouTube - A potential platform for youth learning. Health Promotion Perspectives.pdf","data\text\Beatriz Duran-Becerra, et al (2020). Climate change on YouTube - A potential platform for youth learning. Health Promotion Perspectives.txt"
19,Sustainability issue communication and student social media engagement: Recommendations for climate communicators,Jaigris Hodson; Ann Dale; François Jost; Jaime Clifton-Ross,2020,Journal of digital & social media marketing.,https://doi.org/10.69554/lihr6053,https://www.ingentaconnect.com/content/hsp/jdsmm/2020/00000008/00000003/art00009,https://viurrspace.ca/handle/10613/23556,viurrspace.ca,Henry Stewart Publications,article,en,44,direct,direct_yt_climate; env_comm_video; video_platform; yt_comm,failed,Non-PDF response from https://www.ingentaconnect.com/content/hsp/jdsmm/2020/00000008/00000003/art00009,"Jaigris Hodson, et al (2020). Sustainability issue communication and student social media engagement - Recommendations for climate communicators. Journal of digital & social media marketing.pdf",
20,"Analysis of Ageism, Sexism, and Ableism in User Comments on YouTube Videos About Climate Activist Greta Thunberg",Chang Sup Park; Qian Liu; Barbara K. Kaye,2021,Social Media + Society,https://doi.org/10.1177/20563051211036059,https://doi.org/10.1177/20563051211036059,https://journals.sagepub.com/doi/pdf/10.1177/20563051211036059,journals.sagepub.com,SAGE Publishing,article,en,44,direct,direct_yt_climate; direct_yt_comments,failed,HTTP 403 from https://doi.org/10.1177/20563051211036059,"Chang Sup Park, et al (2021). Analysis of Ageism, Sexism, and Ableism in User Comments on YouTube Videos About Climate Activist Greta Thunberg. Social Media + Society.pdf",
21,Negotiating the Data Deluge on YouTube: Practices of Knowledge Appropriation and Articulated Ambiguity Around Visual Scenarios of Sea-Level Rise Futures,Simon David Hirsbrunner,2021,Frontiers in Communication,https://doi.org/10.3389/fcomm.2021.613167,https://doi.org/10.3389/fcomm.2021.613167,https://www.frontiersin.org/articles/10.3389/fcomm.2021.613167/pdf,www.frontiersin.org,Frontiers Media,article,en,44,direct,direct_yt_climate; direct_yt_comments; social_media_comments,downloaded_text_extract_failed,"FileNotFoundError(2, 'No such file or directory')",Simon David Hirsbrunner (2021). Negotiating the Data Deluge on YouTube - Practices of Knowledge Appropriation and Articulated Ambiguity Around Visual Sc. Frontiers in Communication.pdf,
22,Science by YouTube: an Analysis of YouTube’s Recommendations on the Climate Change Issue,Pınar Dündar; Heritiana Renaud Ranaivoson,2022,Observatorio (OBS*),https://doi.org/10.15847/obsobs16320222061,https://doi.org/10.15847/obsobs16320222061,https://obs.obercom.pt/index.php/obs/article/download/2061/188188192,obs.obercom.pt,OberCom (Observatorio da Comunicação),article,en,44,direct,direct_yt_climate; video_platform; yt_comm; yt_denial,downloaded,,"Pınar Dündar, & Heritiana Renaud Ranaivoson (2022). Science by YouTube - an Analysis of YouTube’s Recommendations on the Climate Change Issue. Observatorio (OBS).pdf","data\text\Pınar Dündar, & Heritiana Renaud Ranaivoson (2022). Science by YouTube - an Analysis of YouTube’s Recommendations on the Climate Change Issue. Observatorio (OBS).txt"
23,"“Wissenschaft fürs Wohnzimmer” – two years of interactive, scientific livestreams weekly on YouTube",Nicolas Stoll; Matthias Wietz; Stephan Juricke; Franziska Pausch; C. T. Peter; Jana C. Massing; Miriam Seifert; Moritz Zeising; Melissa Käß; Rebecca McPherson; Björn Suckow,2022,,https://doi.org/10.1101/2022.09.30.509854,https://doi.org/10.1101/2022.09.30.509854,https://www.biorxiv.org/content/biorxiv/early/2022/10/03/2022.09.30.509854.full.pdf,www.biorxiv.org,,preprint,en,44,direct,direct_yt_climate; yt_comm,failed,HTTP 403 from https://doi.org/10.1101/2022.09.30.509854,"Nicolas Stoll, et al (2022). “Wissenschaft fürs Wohnzimmer” – two years of interactive, scientific livestreams weekly on YouTube. Unknown Journal.pdf",
24,Analysis of climate denialism on YouTube: Refuting instead of debating,David Vicente Torrico,2023,Catalan Journal of Communication & Cultural Studies,https://doi.org/10.1386/cjcs_00089_1,https://uvadoc.uva.es/handle/10324/65675,https://uvadoc.uva.es/bitstream/10324/65675/1/Catalan%20Journal.pdf,uvadoc.uva.es,Intellect,article,en,44,direct,yt_denial,downloaded,,David Vicente Torrico (2023). Analysis of climate denialism on YouTube - Refuting instead of debating. Catalan Journal of Communication & Cultural Studies.pdf,data\text\David Vicente Torrico (2023). Analysis of climate denialism on YouTube - Refuting instead of debating. Catalan Journal of Communication & Cultural Studies.txt
25,Shifting Climates: Climate Change Communication from YouTube to TikTok,Arianna Pera; Luca Maria Aiello,2023,arXiv (Cornell University),https://doi.org/10.48550/arxiv.2312.04974,http://arxiv.org/abs/2312.04974,https://arxiv.org/pdf/2312.04974,arxiv.org,Cornell University,preprint,en,44,direct,direct_yt_climate; direct_yt_comments; yt_comm,downloaded,,"Arianna Pera, & Luca Maria Aiello (2023). Shifting Climates - Climate Change Communication from YouTube to TikTok. arXiv (Cornell University).pdf","data\text\Arianna Pera, & Luca Maria Aiello (2023). Shifting Climates - Climate Change Communication from YouTube to TikTok. arXiv (Cornell University).txt"
26,Video features predicting engagement in climate change education,Vasiliki Christodoulou; Vaggelis Saprikis; Louiza Kythreotou; Monogios Christodoulos; Ece Calikus; Jared Joselowitz,2023,E3S Web of Conferences,https://doi.org/10.1051/e3sconf/202343606009,https://doi.org/10.1051/e3sconf/202343606009,https://www.e3s-conferences.org/articles/e3sconf/pdf/2023/73/e3sconf_iced2023_06009.pdf,www.e3s-conferences.org,EDP Sciences,article,en,44,direct,direct_yt_climate; direct_yt_comments,downloaded,,"Vasiliki Christodoulou, et al (2023). Video features predicting engagement in climate change education. E3S Web of Conferences.pdf","data\text\Vasiliki Christodoulou, et al (2023). Video features predicting engagement in climate change education. E3S Web of Conferences.txt"
27,Guiding interpretation towards deproblematization: A video interview with a Climate Change denier analysed as conspiracy theory,Heidi Campana Piva,2024,Sign Systems Studies,https://doi.org/10.12697/sss.2024.52.1-2.10,https://doi.org/10.12697/sss.2024.52.1-2.10,https://ojs.utlib.ee/index.php/sss/article/download/24503/18628,ojs.utlib.ee,University of Tartu Press,article,en,44,direct,yt_denial,downloaded,,Heidi Campana Piva (2024). Guiding interpretation towards deproblematization - A video interview with a Climate Change denier analysed as conspirac. Sign Systems Studies.pdf,data\text\Heidi Campana Piva (2024). Guiding interpretation towards deproblematization - A video interview with a Climate Change denier analysed as conspirac. Sign Systems Studies.txt
28,Narratives of Collective Action in YouTube’s Discourse on Veganism,Arianna Pera; Luca Maria Aiello,2024,Proceedings of the International AAAI Conference on Web and Social Media,https://doi.org/10.1609/icwsm.v18i1.31384,https://doi.org/10.1609/icwsm.v18i1.31384,https://ojs.aaai.org/index.php/ICWSM/article/download/31384/33544,ojs.aaai.org,,article,en,44,direct,direct_yt_comments; env_comm_video; video_platform; yt_comm,downloaded_text_extract_failed,"FileNotFoundError(2, 'No such file or directory')","Arianna Pera, & Luca Maria Aiello (2024). Narratives of Collective Action in YouTube’s Discourse on Veganism. Proceedings of the International AAAI Conference on Web and Social Media.pdf",
29,Shifting Climates: Climate Change Communication from YouTube to TikTok,Arianna Pera; Luca Maria Aiello,2024,ACM Web Science Conference,https://doi.org/10.1145/3614419.3644024,https://pure.itu.dk/portal/da/publications/fc9ccf31-6b4a-46d7-ab91-d4a742a60ae7,https://pure.itu.dk/ws/files/113932663/websci24tiktok.pdf,pure.itu.dk,,article,en,44,direct,direct_yt_climate; direct_yt_comments; yt_comm,downloaded,,"Arianna Pera, & Luca Maria Aiello (2024). Shifting Climates - Climate Change Communication from YouTube to TikTok. ACM Web Science Conference.pdf","data\text\Arianna Pera, & Luca Maria Aiello (2024). Shifting Climates - Climate Change Communication from YouTube to TikTok. ACM Web Science Conference.txt"
30,Online social media for radical politics: climate change activism on YouTube,Tina Askanius; Julie Uldam,2011,International Journal of Electronic Governance,https://doi.org/10.1504/ijeg.2011.041708,https://doi.org/10.1504/ijeg.2011.041708,http://www.inderscience.com/doi/epdf/10.1504/IJEG.2011.041708,www.inderscience.com,Inderscience Publishers,article,en,43,direct,direct_yt_climate,failed,HTTP 403 from https://doi.org/10.1504/ijeg.2011.041708,"Tina Askanius, & Julie Uldam (2011). Online social media for radical politics - climate change activism on YouTube. International Journal of Electronic Governance.pdf",
31,Science on YouTube: What users find when they search for climate science and climate manipulation,Joachim Allgaier,2016,arXiv (Cornell University),https://doi.org/10.48550/arxiv.1602.02692,http://arxiv.org/abs/1602.02692,https://arxiv.org/pdf/1602.02692,arxiv.org,Cornell University,preprint,en,43,direct,yt_comm,downloaded,,Joachim Allgaier (2016). Science on YouTube - What users find when they search for climate science and climate manipulation. arXiv (Cornell University).pdf,data\text\Joachim Allgaier (2016). Science on YouTube - What users find when they search for climate science and climate manipulation. arXiv (Cornell University).txt
32,DEEP NEURAL NETWORKS FOR SOCIAL VISUALS: STUDYING CLIMATE COMMUNICATION ON YOUTUBE,Matteo Magnani; Alexandra Segerberg,2021,AoIR Selected Papers of Internet Research,https://doi.org/10.5210/spir.v2021i0.12204,https://doi.org/10.5210/spir.v2021i0.12204,https://journals.uic.edu/ojs/index.php/spir/article/download/12204/10353,journals.uic.edu,,article,en,43,direct,yt_comm,downloaded,,"Matteo Magnani, & Alexandra Segerberg (2021). DEEP NEURAL NETWORKS FOR SOCIAL VISUALS - STUDYING CLIMATE COMMUNICATION ON YOUTUBE. AoIR Selected Papers of Internet Research.pdf","data\text\Matteo Magnani, & Alexandra Segerberg (2021). DEEP NEURAL NETWORKS FOR SOCIAL VISUALS - STUDYING CLIMATE COMMUNICATION ON YOUTUBE. AoIR Selected Papers of Internet Research.txt"
33,Potentials and Limitations of Educational Videos on YouTube for Science Communication,Sarah Kohler; Tabea Clara Dietrich,2021,Frontiers in Communication,https://doi.org/10.3389/fcomm.2021.581302,https://doi.org/10.3389/fcomm.2021.581302,https://www.frontiersin.org/articles/10.3389/fcomm.2021.581302/pdf,www.frontiersin.org,Frontiers Media,article,en,43,direct,direct_yt_climate; yt_comm,downloaded,,"Sarah Kohler, & Tabea Clara Dietrich (2021). Potentials and Limitations of Educational Videos on YouTube for Science Communication. Frontiers in Communication.pdf","data\text\Sarah Kohler, & Tabea Clara Dietrich (2021). Potentials and Limitations of Educational Videos on YouTube for Science Communication. Frontiers in Communication.txt"
34,Shaping climate change discourse: the nexus between political media landscape and recommendation systems in social networks,Yousef Sakieh,2023,Social Network Analysis and Mining,https://doi.org/10.1007/s13278-023-01175-9,https://doi.org/10.1007/s13278-023-01175-9,https://link.springer.com/content/pdf/10.1007/s13278-023-01175-9.pdf,link.springer.com,Springer Science+Business Media,article,en,43,direct,content_analysis; direct_yt_climate; social_media_discourse,downloaded,,Yousef Sakieh (2023). Shaping climate change discourse - the nexus between political media landscape and recommendation systems in social netw. Social Network Analysis and Mining.pdf,data\text\Yousef Sakieh (2023). Shaping climate change discourse - the nexus between political media landscape and recommendation systems in social netw. Social Network Analysis and Mining.txt
35,Negacionismo y desinformación climática en YouTube,David Vicente Torrico; Víctor González Puente,2023,Miguel Hernández Communication Journal,https://doi.org/10.21134/mhjournal.v14i.1812,https://doi.org/10.21134/mhjournal.v14i.1812,https://revistas.innovacionumh.es/index.php/mhcj/article/download/1812/1864,revistas.innovacionumh.es,,article,es,42,direct,direct_yt_climate; yt_denial,downloaded,,"David Vicente Torrico, & Víctor González Puente (2023). Negacionismo y desinformación climática en YouTube. Miguel Hernández Communication Journal.pdf","data\text\David Vicente Torrico, & Víctor González Puente (2023). Negacionismo y desinformación climática en YouTube. Miguel Hernández Communication Journal.txt"
36,From Denial to the Culture Wars: A Study of Climate Misinformation on YouTube,Lluis de Nadal,2024,Environmental Communication,https://doi.org/10.1080/17524032.2024.2363861,https://doi.org/10.1080/17524032.2024.2363861,https://www.tandfonline.com/doi/pdf/10.1080/17524032.2024.2363861?needAccess=true,www.tandfonline.com,Taylor & Francis,article,en,42,direct,direct_yt_climate; yt_denial; yt_misinfo,downloaded,,Lluis de Nadal (2024). From Denial to the Culture Wars - A Study of Climate Misinformation on YouTube. Environmental Communication.pdf,data\text\Lluis de Nadal (2024). From Denial to the Culture Wars - A Study of Climate Misinformation on YouTube. Environmental Communication.txt
37,Discussing climate change online. Topics and perceptions in online climate change communication in different online public arenas,Ines Lörcher; Monika Taddicken,2017,Journal of Science Communication,https://doi.org/10.22323/2.16020203,https://doi.org/10.22323/2.16020203,https://jcom.sissa.it/archive/16/02/JCOM_1602_2017_A03.pdf,jcom.sissa.it,Sissa Medialab,article,en,41,direct,social_media_comments; yt_denial; yt_skepticism,failed,Non-PDF response from https://doi.org/10.22323/2.16020203,"Ines Lörcher, & Monika Taddicken (2017). Discussing climate change online. Topics and perceptions in online climate change communication in different online publ. Journal of Science Communication.pdf",
38,"The social media life of climate change: Platforms, publics, and future imaginaries",Warren Pearce; Sabine Niederer; Suay Melisa Özkula; Natalia Sánchez-Querubín,2018,Wiley Interdisciplinary Reviews Climate Change,https://doi.org/10.1002/wcc.569,https://doi.org/10.1002/wcc.569,https://onlinelibrary.wiley.com/doi/pdfdirect/10.1002/wcc.569,onlinelibrary.wiley.com,Wiley,article,en,41,direct,audience_response; content_analysis; direct_yt_climate; direct_yt_comments; env_comm_video; korea; korean_social_media; social_media_polarization; yt_comm; yt_denial; yt_misinfo; yt_skepticism,failed,HTTP 403 from https://doi.org/10.1002/wcc.569,"Warren Pearce, et al (2018). The social media life of climate change - Platforms, publics, and future imaginaries. Wiley Interdisciplinary Reviews Climate Change.pdf",
39,Teacher Education for Sustainability in Network Society: Combining Digital and Sustainability Literacies,John Huckle,2012,Journal of Teacher Education for Sustainability,https://doi.org/10.2478/v10099-012-0013-9,https://doi.org/10.2478/v10099-012-0013-9,https://content.sciendo.com/downloadpdf/journals/jtes/14/2/article-p130.pdf,content.sciendo.com,De Gruyter,article,en,25,indirect,env_comm_video,downloaded,,John Huckle (2012). Teacher Education for Sustainability in Network Society - Combining Digital and Sustainability Literacies. Journal of Teacher Education for Sustainability.pdf,data\text\John Huckle (2012). Teacher Education for Sustainability in Network Society - Combining Digital and Sustainability Literacies. Journal of Teacher Education for Sustainability.txt
40,Evolución e impacto en la comunicación de valores responsables. Caso de estudio en España,Belén López Vázquez,2014,Historia y Comunicación Social,https://doi.org/10.5209/rev_hics.2014.v19.45152,https://doi.org/10.5209/rev_hics.2014.v19.45152,https://revistas.ucm.es/index.php/HICS/article/download/45152/42513,revistas.ucm.es,Servicio de Publicaciones,article,es,25,indirect,env_comm_video,downloaded,,Belén López Vázquez (2014). Evolución e impacto en la comunicación de valores responsables. Caso de estudio en España. Historia y Comunicación Social.pdf,data\text\Belén López Vázquez (2014). Evolución e impacto en la comunicación de valores responsables. Caso de estudio en España. Historia y Comunicación Social.txt
41,Using interpersonal communication strategies to encourage science conversations on social media,Curtis Martin; Bertrum H. MacDonald,2020,PLoS ONE,https://doi.org/10.1371/journal.pone.0241972,https://doi.org/10.1371/journal.pone.0241972,https://journals.plos.org/plosone/article/file?id=10.1371/journal.pone.0241972&type=printable,journals.plos.org,Public Library of Science,article,en,25,indirect,yt_denial,downloaded,,"Curtis Martin, & Bertrum H. MacDonald (2020). Using interpersonal communication strategies to encourage science conversations on social media. PLoS ONE.pdf","data\text\Curtis Martin, & Bertrum H. MacDonald (2020). Using interpersonal communication strategies to encourage science conversations on social media. PLoS ONE.txt"
42,Komsos Kak's Youtube Content Analysis of Environmental Day Shepherd's Letter in Moving People to Preserve the Environment,Benediktus Tri Widiatmaka; C.B. Mulyatno; Indra Tanureja,2022,AURELIA Jurnal Penelitian dan Pengabdian Masyarakat Indonesia,https://doi.org/10.57235/aurelia.v1i2.156,http://dx.doi.org/10.57235/aurelia.v1i2.156,https://rayyanjurnal.com/index.php/aurelia/article/download/156/pdf,rayyanjurnal.com,,article,en,25,indirect,env_comm_video,failed,Non-PDF response from http://dx.doi.org/10.57235/aurelia.v1i2.156,"Benediktus Tri Widiatmaka, et al (2022). Komsos Kak's Youtube Content Analysis of Environmental Day Shepherd's Letter in Moving People to Preserve the Environmen. AURELIA Jurnal Penelitian dan Pengabdian Masyarakat Indonesia.pdf",
43,"Crowdsourcing, citizen sensing and sensor web technologies for public and environmental health surveillance and crisis management: trends, OGC standards and application examples",Maged N. Kamel Boulos; Bernd Resch; David N. Crowley; John G. Breslin; Gunho Sohn; Russ Burtner; William Pike; Eduardo Jezierski; Kuo-Yu Chuang,2011,International Journal of Health Geographics,https://doi.org/10.1186/1476-072x-10-67,https://doi.org/10.1186/1476-072x-10-67,https://ij-healthgeographics.biomedcentral.com/counter/pdf/10.1186/1476-072X-10-67,ij-healthgeographics.biomedcentral.com,BioMed Central,article,en,22,indirect,content_analysis; env_comm_video; yt_misinfo,failed,Non-PDF response from https://doi.org/10.1186/1476-072x-10-67,"Maged N. Kamel Boulos, et al (2011). Crowdsourcing, citizen sensing and sensor web technologies for public and environmental health surveillance and crisis m. International Journal of Health Geographics.pdf",
44,Exploring differences in communication behaviors between organic and conventional farmers,Fallys Masambuka-Kanchewa; Joy N. Rumble; Emily B. Buck,2021,Journal of Agriculture Food Systems and Community Development,https://doi.org/10.5304/jafscd.2021.103.018,https://doi.org/10.5304/jafscd.2021.103.018,https://www.foodsystemsjournal.org/index.php/fsj/article/download/986/960,www.foodsystemsjournal.org,Thomas A. Lyson Center for Civic Agriculture and Food Systems,article,en,22,indirect,env_comm_video,failed,Non-PDF response from https://doi.org/10.5304/jafscd.2021.103.018,"Fallys Masambuka-Kanchewa, et al (2021). Exploring differences in communication behaviors between organic and conventional farmers. Journal of Agriculture Food Systems and Community Development.pdf",
45,"Social representations of COVID-19 skeptics: denigration, demonization, and disenfranchisement",Rusi Jaspal; Brigitte Nerlich,2022,Politics Groups and Identities,https://doi.org/10.1080/21565503.2022.2041443,https://doi.org/10.1080/21565503.2022.2041443,https://www.tandfonline.com/doi/pdf/10.1080/21565503.2022.2041443?needAccess=true,www.tandfonline.com,Taylor & Francis,article,en,22,indirect,social_media_polarization,failed,HTTP 403 from https://doi.org/10.1080/21565503.2022.2041443,"Rusi Jaspal, & Brigitte Nerlich (2022). Social representations of COVID-19 skeptics - denigration, demonization, and disenfranchisement. Politics Groups and Identities.pdf",
46,Which Generation is more Environmental Consciousness? A comparative study of Generation Z &amp; Millennial to predict effect of Digital Ads on Green Buying Decisions,Khansa Zaman,2022,Business & Economic Review,https://doi.org/10.22547/ber/14.2.5,https://doi.org/10.22547/ber/14.2.5,https://doi.org/10.22547/ber/14.2.5,doi.org,,article,en,22,indirect,env_comm_video,downloaded,,Khansa Zaman (2022). Which Generation is more Environmental Consciousness A comparative study of Generation Z &amp; Millennial to predict eff. Business & Economic Review.pdf,data\text\Khansa Zaman (2022). Which Generation is more Environmental Consciousness A comparative study of Generation Z &amp; Millennial to predict eff. Business & Economic Review.txt
47,Speaking of Sustainability… The Triple Bottom Line in Firm- and User-Generated Content,Jonah Blits; Narine Yegoryan; Timo Mandler; Alexa B. Burmester,2025,Schmalenbach Journal of Business Research,https://doi.org/10.1007/s41471-025-00215-8,https://doi.org/10.1007/s41471-025-00215-8,https://link.springer.com/content/pdf/10.1007/s41471-025-00215-8.pdf,link.springer.com,Springer Science+Business Media,article,en,22,indirect,env_comm_video,downloaded,,"Jonah Blits, et al (2025). Speaking of Sustainability... The Triple Bottom Line in Firm- and User-Generated Content. Schmalenbach Journal of Business Research.pdf","data\text\Jonah Blits, et al (2025). Speaking of Sustainability... The Triple Bottom Line in Firm- and User-Generated Content. Schmalenbach Journal of Business Research.txt"
48,Science vs Conspiracy: Collective Narratives in the Age of Misinformation,Alessandro Bessi; Mauro Coletto; George Alexandru Davidescu; Antonio Scala; Guido Caldarelli; Walter Quattrociocchi,2015,PLoS ONE,https://doi.org/10.1371/journal.pone.0118093,https://doi.org/10.1371/journal.pone.0118093,https://journals.plos.org/plosone/article/file?id=10.1371/journal.pone.0118093&type=printable,journals.plos.org,Public Library of Science,article,en,21,indirect,social_media_misinfo,downloaded,,"Alessandro Bessi, et al (2015). Science vs Conspiracy - Collective Narratives in the Age of Misinformation. PLoS ONE.pdf","data\text\Alessandro Bessi, et al (2015). Science vs Conspiracy - Collective Narratives in the Age of Misinformation. PLoS ONE.txt"
49,"Science and the public: Debate, denial, and skepticism",Stephan Lewandowsky; Michael Mann; Nicholas J. L. Brown; Harris L. Friedman,2016,Journal of Social and Political Psychology,https://doi.org/10.5964/jspp.v4i2.604,https://doi.org/10.5964/jspp.v4i2.604,https://jspp.psychopen.eu/index.php/jspp/article/download/4965/4965.pdf,jspp.psychopen.eu,PsychOpen,article,en,21,indirect,yt_denial; yt_skepticism,downloaded,,"Stephan Lewandowsky, et al (2016). Science and the public - Debate, denial, and skepticism. Journal of Social and Political Psychology.pdf","data\text\Stephan Lewandowsky, et al (2016). Science and the public - Debate, denial, and skepticism. Journal of Social and Political Psychology.txt"
50,Scientists’ Prioritization of Communication Objectives for Public Engagement,Anthony Dudo; John C. Besley,2016,PLoS ONE,https://doi.org/10.1371/journal.pone.0148867,https://doi.org/10.1371/journal.pone.0148867,https://journals.plos.org/plosone/article/file?id=10.1371/journal.pone.0148867&type=printable,journals.plos.org,Public Library of Science,article,en,21,indirect,audience_response; content_analysis; direct_yt_comments; yt_comm; yt_denial; yt_misinfo,downloaded,,"Anthony Dudo, & John C. Besley (2016). Scientists’ Prioritization of Communication Objectives for Public Engagement. PLoS ONE.pdf","data\text\Anthony Dudo, & John C. Besley (2016). Scientists’ Prioritization of Communication Objectives for Public Engagement. PLoS ONE.txt"
51,Users Polarization on Facebook and Youtube,Alessandro Bessi; Fabiana Zollo; Michela Del Vicario; Michelangelo Puliga; Antonio Scala; Guido Caldarelli; Brian Uzzi; Walter Quattrociocchi,2016,PLoS ONE,https://doi.org/10.1371/journal.pone.0159641,https://doi.org/10.1371/journal.pone.0159641,https://journals.plos.org/plosone/article/file?id=10.1371/journal.pone.0159641&type=printable,journals.plos.org,Public Library of Science,article,en,21,indirect,content_analysis; direct_yt_comments; yt_comm; yt_denial; yt_misinfo,downloaded,,"Alessandro Bessi, et al (2016). Users Polarization on Facebook and Youtube. PLoS ONE.pdf","data\text\Alessandro Bessi, et al (2016). Users Polarization on Facebook and Youtube. PLoS ONE.txt"
52,Rising Above Misinformation or Fake News in Africa: Another Strategy to Control COVID-19 Spread,Bright Opoku Ahinkorah; Edward Kwabena Ameyaw; John Elvis Hagan; Abdul‐Aziz Seidu; Thomas Schack,2020,Frontiers in Communication,https://doi.org/10.3389/fcomm.2020.00045,https://doi.org/10.3389/fcomm.2020.00045,https://www.frontiersin.org/articles/10.3389/fcomm.2020.00045/pdf,www.frontiersin.org,Frontiers Media,article,en,21,indirect,yt_misinfo,downloaded,,"Bright Opoku Ahinkorah, et al (2020). Rising Above Misinformation or Fake News in Africa - Another Strategy to Control COVID-19 Spread. Frontiers in Communication.pdf","data\text\Bright Opoku Ahinkorah, et al (2020). Rising Above Misinformation or Fake News in Africa - Another Strategy to Control COVID-19 Spread. Frontiers in Communication.txt"
53,Do deepfake videos undermine our epistemic trust? A thematic analysis of tweets that discuss deepfakes in the Russian invasion of Ukraine,John G. Twomey; Didier Ching; Matthew P. Aylett; Michael Quayle; Conor Linehan; Gillian Murphy,2023,PLoS ONE,https://doi.org/10.1371/journal.pone.0291668,https://doi.org/10.1371/journal.pone.0291668,https://journals.plos.org/plosone/article/file?id=10.1371/journal.pone.0291668&type=printable,journals.plos.org,Public Library of Science,article,en,21,indirect,yt_skepticism,downloaded,,"John G. Twomey, et al (2023). Do deepfake videos undermine our epistemic trust A thematic analysis of tweets that discuss deepfakes in the Russian inv. PLoS ONE.pdf","data\text\John G. Twomey, et al (2023). Do deepfake videos undermine our epistemic trust A thematic analysis of tweets that discuss deepfakes in the Russian inv. PLoS ONE.txt"
54,Modelling with stakeholders – Next generation,Alexey Voinov; Nagesh Kolagani; Michael K. McCall; Pierre D. Glynn; Marit E. Kragt; Frank Ostermann; Suzanne A. Pierce; Palaniappan Ramu,2015,Environmental Modelling & Software,https://doi.org/10.1016/j.envsoft.2015.11.016,https://doi.org/10.1016/j.envsoft.2015.11.016,https://ars.els-cdn.com/content/image/1-s2.0-S1364815215301055-fx1_lrg.jpg,ars.els-cdn.com,Elsevier BV,article,en,20,indirect,content_analysis; direct_yt_comments,failed,Non-PDF response from https://doi.org/10.1016/j.envsoft.2015.11.016,"Alexey Voinov, et al (2015). Modelling with stakeholders – Next generation. Environmental Modelling & Software.pdf",
55,Hashtag activism and the configuration of counterpublics: Dutch animal welfare debates on Twitter,Anke Wonneberger; Iina Hellsten; Sandra Jacobs,2020,Information Communication & Society,https://doi.org/10.1080/1369118x.2020.1720770,https://doi.org/10.1080/1369118x.2020.1720770,https://www.tandfonline.com/doi/pdf/10.1080/1369118X.2020.1720770?needAccess=true&,www.tandfonline.com,Routledge,article,en,20,indirect,yt_skepticism,downloaded,,"Anke Wonneberger, et al (2020). Hashtag activism and the configuration of counterpublics - Dutch animal welfare debates on Twitter. Information Communication & Society.pdf","data\text\Anke Wonneberger, et al (2020). Hashtag activism and the configuration of counterpublics - Dutch animal welfare debates on Twitter. Information Communication & Society.txt"
56,"Fracking on YouTube: Exploring Risks, Benefits and Human Values",Rusi Jaspal; Andrew Turner; Brigitte Nerlich,2014,Environmental Values,https://doi.org/10.3197/096327114x13947900181473,https://doi.org/10.3197/096327114x13947900181473,https://research-information.bris.ac.uk/ws/files/50389627/Fracking_on_Youtube_paper.pdf,research-information.bris.ac.uk,SAGE Publishing,article,en,19,indirect,yt_denial,downloaded,,"Rusi Jaspal, et al (2014). Fracking on YouTube - Exploring Risks, Benefits and Human Values. Environmental Values.pdf","data\text\Rusi Jaspal, et al (2014). Fracking on YouTube - Exploring Risks, Benefits and Human Values. Environmental Values.txt"
57,Water Shortage in MENA Region: An Interdisciplinary Overview and a Suite of Practical Solutions,Anas Zyadin,2013,Journal of Water Resource and Protection,https://doi.org/10.4236/jwarp.2013.54a008,https://doi.org/10.4236/jwarp.2013.54a008,http://www.scirp.org/journal/PaperDownload.aspx?paperID=30657,www.scirp.org,Scientific Research Publishing,article,en,18,indirect,social_media_polarization,downloaded,,Anas Zyadin (2013). Water Shortage in MENA Region - An Interdisciplinary Overview and a Suite of Practical Solutions. Journal of Water Resource and Protection.pdf,data\text\Anas Zyadin (2013). Water Shortage in MENA Region - An Interdisciplinary Overview and a Suite of Practical Solutions. Journal of Water Resource and Protection.txt
58,The geopolitics of ‘platforms’: the TikTok challenge,Joanne Gray,2021,Internet Policy Review,https://doi.org/10.14763/2021.2.1557,https://doi.org/10.14763/2021.2.1557,https://policyreview.info/pdf/policyreview-2021-2-1557.pdf,policyreview.info,Alexander von Humboldt Institute for Internet and Society,article,en,18,indirect,yt_denial,downloaded,,Joanne Gray (2021). The geopolitics of ‘platforms’ - the TikTok challenge. Internet Policy Review.pdf,data\text\Joanne Gray (2021). The geopolitics of ‘platforms’ - the TikTok challenge. Internet Policy Review.txt
