rank,title,authors,year,journal,doi,landing_url,pdf_url,pdf_host,publisher,type,language,relevance_score,relation_type,matched_queries,download_status,download_error,filename,pdf_path,text_path,pdf_exists,text_exists
146,Credibility of climate change denial in social media,Abhishek Samantray; Paolo Pin,2019,Palgrave Communications,https://doi.org/10.1057/s41599-019-0344-4,https://doi.org/10.1057/s41599-019-0344-4,https://www.nature.com/articles/s41599-019-0344-4.pdf,www.nature.com,Palgrave Macmillan,article,en,23,direct,social_media_polarization,downloaded,,"Abhishek Samantray, & Paolo Pin (2019). Credibility of climate change denial in social media. Palgrave Communications.pdf","by_region/pdf_region/Europe/Italy/Abhishek Samantray, & Paolo Pin (2019). Credibility of climate change denial in social media. Palgrave Communications.pdf","data\text\Abhishek Samantray, & Paolo Pin (2019). Credibility of climate change denial in social media. Palgrave Communications.txt",yes,yes
183,Twitter’s Fake News Discourses Around Climate Change and Global Warming,Ahmed Al‐Rawi; Derrick OʼKeefe; Oumar Kane; Aimé-Jules Bizimana,2021,Frontiers in Communication,https://doi.org/10.3389/fcomm.2021.729818,https://doi.org/10.3389/fcomm.2021.729818,https://www.frontiersin.org/articles/10.3389/fcomm.2021.729818/pdf,www.frontiersin.org,Frontiers Media,article,en,22,direct,yt_denial,downloaded,,"Ahmed Al‐Rawi, et al (2021). Twitter’s Fake News Discourses Around Climate Change and Global Warming. Frontiers in Communication.pdf","by_region/pdf_region/North America/Canada/Ahmed Al‐Rawi, et al (2021). Twitter’s Fake News Discourses Around Climate Change and Global Warming. Frontiers in Communication.pdf","data\text\Ahmed Al‐Rawi, et al (2021). Twitter’s Fake News Discourses Around Climate Change and Global Warming. Frontiers in Communication.txt",yes,yes
91,"Networks of climate obstruction: Discourses of denial and delay in US fossil energy, plastic, and agrichemical industries",Alaina Kinol; Yutong Si; John Kinol; Jennie C. Stephens,2025,PLOS Climate,https://doi.org/10.1371/journal.pclm.0000370,https://doi.org/10.1371/journal.pclm.0000370,https://journals.plos.org/climate/article/file?id=10.1371/journal.pclm.0000370&type=printable,journals.plos.org,Public Library of Science,article,en,30,direct,network; social_media_discourse,downloaded,,"Alaina Kinol, et al (2025). Networks of climate obstruction - Discourses of denial and delay in US fossil energy, plastic, and agrichemical industri. PLOS Climate.pdf","by_region/pdf_region/North America/United States/Alaina Kinol, et al (2025). Networks of climate obstruction - Discourses of denial and delay in US fossil ener [91-b643fad5].pdf","data\text\Alaina Kinol, et al (2025). Networks of climate obstruction - Discourses of denial and delay in US fossil energy, plastic, and agrichemical industri. PLOS Climate.txt",yes,yes
48,Science vs Conspiracy: Collective Narratives in the Age of Misinformation,Alessandro Bessi; Mauro Coletto; George Alexandru Davidescu; Antonio Scala; Guido Caldarelli; Walter Quattrociocchi,2015,PLoS ONE,https://doi.org/10.1371/journal.pone.0118093,https://doi.org/10.1371/journal.pone.0118093,https://journals.plos.org/plosone/article/file?id=10.1371/journal.pone.0118093&type=printable,journals.plos.org,Public Library of Science,article,en,21,indirect,social_media_misinfo,downloaded,,"Alessandro Bessi, et al (2015). Science vs Conspiracy - Collective Narratives in the Age of Misinformation. PLoS ONE.pdf","by_region/pdf_region/Europe/Italy/Alessandro Bessi, et al (2015). Science vs Conspiracy - Collective Narratives in the Age of Misinformation. PLoS ONE.pdf","data\text\Alessandro Bessi, et al (2015). Science vs Conspiracy - Collective Narratives in the Age of Misinformation. PLoS ONE.txt",yes,yes
51,Users Polarization on Facebook and Youtube,Alessandro Bessi; Fabiana Zollo; Michela Del Vicario; Michelangelo Puliga; Antonio Scala; Guido Caldarelli; Brian Uzzi; Walter Quattrociocchi,2016,PLoS ONE,https://doi.org/10.1371/journal.pone.0159641,https://doi.org/10.1371/journal.pone.0159641,https://journals.plos.org/plosone/article/file?id=10.1371/journal.pone.0159641&type=printable,journals.plos.org,Public Library of Science,article,en,21,indirect,content_analysis; direct_yt_comments; yt_comm; yt_denial; yt_misinfo,downloaded,,"Alessandro Bessi, et al (2016). Users Polarization on Facebook and Youtube. PLoS ONE.pdf","by_region/pdf_region/Europe/Italy/Alessandro Bessi, et al (2016). Users Polarization on Facebook and Youtube. PLoS ONE.pdf","data\text\Alessandro Bessi, et al (2016). Users Polarization on Facebook and Youtube. PLoS ONE.txt",yes,yes
14,Visual digital intermediaries and global climate communication: Is climate change still a distant problem on YouTube?,Alexandra Segerberg; Matteo Magnani,2025,PLoS ONE,https://doi.org/10.1371/journal.pone.0318338,https://doi.org/10.1371/journal.pone.0318338,https://uu.diva-portal.org/smash/get/diva2:1955255/FULLTEXT01,uu.diva-portal.org,Public Library of Science,article,en,47,direct,direct_yt_climate; yt_comm,downloaded_additional,,"Alexandra Segerberg, & Matteo Magnani (2025). Visual digital intermediaries and global climate communication - Is climate change still a distant problem on YouTube. PLoS ONE.pdf","by_region/pdf_region/Europe/Sweden/Alexandra Segerberg, & Matteo Magnani (2025). Visual digital intermediaries and global climate communication - [14-a70fa7fd].pdf","data\text\Alexandra Segerberg, & Matteo Magnani (2025). Visual digital intermediaries and global climate communication - Is climate change still a distant problem on YouTube. PLoS ONE.txt",yes,yes
108,Affective Polarization in Online Climate Change Discourse on Twitter,Aman Tyagi; Joshua Uyheng; Kathleen M. Carley,2020,2020 IEEE/ACM International Conference on Advances in Social Networks Analysis and Mining (ASONAM),https://doi.org/10.1109/asonam49781.2020.9381419,http://arxiv.org/abs/2008.13051,https://arxiv.org/pdf/2008.13051,arxiv.org,,preprint,en,26,direct,social_media_polarization,downloaded,,"Aman Tyagi, et al (2020). Affective Polarization in Online Climate Change Discourse on Twitter. 2020 IEEEACM International Conference on Advances in Social Networks Analysis an.pdf","by_region/pdf_region/North America/United States/Aman Tyagi, et al (2020). Affective Polarization in Online Climate Change Discourse on Twitter. 2020 IEEEACM I [108-d40d33d9].pdf","data\text\Aman Tyagi, et al (2020). Affective Polarization in Online Climate Change Discourse on Twitter. 2020 IEEEACM International Conference on Advances in Social Networks Analysis an.txt",yes,yes
57,Water Shortage in MENA Region: An Interdisciplinary Overview and a Suite of Practical Solutions,Anas Zyadin,2013,Journal of Water Resource and Protection,https://doi.org/10.4236/jwarp.2013.54a008,https://doi.org/10.4236/jwarp.2013.54a008,http://www.scirp.org/journal/PaperDownload.aspx?paperID=30657,www.scirp.org,Scientific Research Publishing,article,en,18,indirect,social_media_polarization,downloaded,,Anas Zyadin (2013). Water Shortage in MENA Region - An Interdisciplinary Overview and a Suite of Practical Solutions. Journal of Water Resource and Protection.pdf,by_region/pdf_region/Europe/Finland/Anas Zyadin (2013). Water Shortage in MENA Region - An Interdisciplinary Overview and a Suite of Practical Solutions. Journal of Water Resource and Protection.pdf,data\text\Anas Zyadin (2013). Water Shortage in MENA Region - An Interdisciplinary Overview and a Suite of Practical Solutions. Journal of Water Resource and Protection.txt,yes,yes
55,Hashtag activism and the configuration of counterpublics: Dutch animal welfare debates on Twitter,Anke Wonneberger; Iina Hellsten; Sandra Jacobs,2020,Information Communication & Society,https://doi.org/10.1080/1369118x.2020.1720770,https://doi.org/10.1080/1369118x.2020.1720770,https://www.tandfonline.com/doi/pdf/10.1080/1369118X.2020.1720770?needAccess=true&,www.tandfonline.com,Routledge,article,en,20,indirect,yt_skepticism,downloaded,,"Anke Wonneberger, et al (2020). Hashtag activism and the configuration of counterpublics - Dutch animal welfare debates on Twitter. Information Communication & Society.pdf","by_region/pdf_region/Europe/Netherlands/Anke Wonneberger, et al (2020). Hashtag activism and the configuration of counterpublics - Dutch animal welfar [55-036f13dd].pdf","data\text\Anke Wonneberger, et al (2020). Hashtag activism and the configuration of counterpublics - Dutch animal welfare debates on Twitter. Information Communication & Society.txt",yes,yes
50,Scientists’ Prioritization of Communication Objectives for Public Engagement,Anthony Dudo; John C. Besley,2016,PLoS ONE,https://doi.org/10.1371/journal.pone.0148867,https://doi.org/10.1371/journal.pone.0148867,https://journals.plos.org/plosone/article/file?id=10.1371/journal.pone.0148867&type=printable,journals.plos.org,Public Library of Science,article,en,21,indirect,audience_response; content_analysis; direct_yt_comments; yt_comm; yt_denial; yt_misinfo,downloaded,,"Anthony Dudo, & John C. Besley (2016). Scientists’ Prioritization of Communication Objectives for Public Engagement. PLoS ONE.pdf","by_region/pdf_region/North America/United States/Anthony Dudo, & John C. Besley (2016). Scientists’ Prioritization of Communication Objectives for Public Engagement. PLoS ONE.pdf","data\text\Anthony Dudo, & John C. Besley (2016). Scientists’ Prioritization of Communication Objectives for Public Engagement. PLoS ONE.txt",yes,yes
25,Shifting Climates: Climate Change Communication from YouTube to TikTok,Arianna Pera; Luca Maria Aiello,2023,arXiv (Cornell University),https://doi.org/10.48550/arxiv.2312.04974,http://arxiv.org/abs/2312.04974,https://arxiv.org/pdf/2312.04974,arxiv.org,Cornell University,preprint,en,44,direct,direct_yt_climate; direct_yt_comments; yt_comm,downloaded,,"Arianna Pera, & Luca Maria Aiello (2023). Shifting Climates - Climate Change Communication from YouTube to TikTok. arXiv (Cornell University).pdf","by_region/pdf_region/Unknown/Unknown/Arianna Pera, & Luca Maria Aiello (2023). Shifting Climates - Climate Change Communication from YouTube to TikTok. arXiv (Cornell University).pdf","data\text\Arianna Pera, & Luca Maria Aiello (2023). Shifting Climates - Climate Change Communication from YouTube to TikTok. arXiv (Cornell University).txt",yes,yes
28,Narratives of Collective Action in YouTube’s Discourse on Veganism,Arianna Pera; Luca Maria Aiello,2024,Proceedings of the International AAAI Conference on Web and Social Media,https://doi.org/10.1609/icwsm.v18i1.31384,https://doi.org/10.1609/icwsm.v18i1.31384,https://ojs.aaai.org/index.php/ICWSM/article/download/31384/33544,ojs.aaai.org,,article,en,44,direct,direct_yt_comments; env_comm_video; video_platform; yt_comm,downloaded_text_extract_failed,"FileNotFoundError(2, 'No such file or directory')","Arianna Pera, & Luca Maria Aiello (2024). Narratives of Collective Action in YouTube’s Discourse on Veganism. Proceedings of the International AAAI Conference on Web and Social Media.pdf","by_region/pdf_region/Europe/Denmark/Arianna Pera, & Luca Maria Aiello (2024). Narratives of Collective Action in YouTube’s Discourse on Veganism. [28-5e81e2c6].pdf",data\text\__rank_28__.txt,yes,yes
29,Shifting Climates: Climate Change Communication from YouTube to TikTok,Arianna Pera; Luca Maria Aiello,2024,ACM Web Science Conference,https://doi.org/10.1145/3614419.3644024,https://pure.itu.dk/portal/da/publications/fc9ccf31-6b4a-46d7-ab91-d4a742a60ae7,https://pure.itu.dk/ws/files/113932663/websci24tiktok.pdf,pure.itu.dk,,article,en,44,direct,direct_yt_climate; direct_yt_comments; yt_comm,downloaded,,"Arianna Pera, & Luca Maria Aiello (2024). Shifting Climates - Climate Change Communication from YouTube to TikTok. ACM Web Science Conference.pdf","by_region/pdf_region/Europe/Denmark/Arianna Pera, & Luca Maria Aiello (2024). Shifting Climates - Climate Change Communication from YouTube to TikTok. ACM Web Science Conference.pdf","data\text\Arianna Pera, & Luca Maria Aiello (2024). Shifting Climates - Climate Change Communication from YouTube to TikTok. ACM Web Science Conference.txt",yes,yes
18,Climate change on YouTube: A potential platform for youth learning,Beatriz Duran-Becerra; Grace Clarke Hillyer; Alison Cosgrove; Corey H. Basch,2020,Health Promotion Perspectives,https://doi.org/10.34172/hpp.2020.42,https://doi.org/10.34172/hpp.2020.42,https://hpp.tbzmed.ac.ir/PDF/hpp-10-282.pdf,hpp.tbzmed.ac.ir,Tabriz University of Medical Sciences,article,en,44,direct,direct_yt_climate,downloaded,,"Beatriz Duran-Becerra, et al (2020). Climate change on YouTube - A potential platform for youth learning. Health Promotion Perspectives.pdf","by_region/pdf_region/North America/United States/Beatriz Duran-Becerra, et al (2020). Climate change on YouTube - A potential platform for youth learning. Health Promotion Perspectives.pdf","data\text\Beatriz Duran-Becerra, et al (2020). Climate change on YouTube - A potential platform for youth learning. Health Promotion Perspectives.txt",yes,yes
238,"A systematic review of the nexus between climate change and social media: present status, trends, and future challenges",Bebe Chand Sultana; Md. Tabiur Rahman Prodhan; Edris Alam; Md. Salman Sohel; A.B.M. Mainul Bari; Subodh Chandra Pal; Md Kamrul Islam; Abu Reza Md. Towfiqul Islam,2024,Frontiers in Communication,https://doi.org/10.3389/fcomm.2024.1301400,https://doi.org/10.3389/fcomm.2024.1301400,https://www.frontiersin.org/journals/communication/articles/10.3389/fcomm.2024.1301400/pdf,www.frontiersin.org,Frontiers Media,review,en,19,direct,social_media_discourse,downloaded_text_extract_failed,,"Bebe Chand Sultana, et al (2024). A systematic review of the nexus between climate change and social media - present status, trends, and future challenges. Frontiers in Communication.pdf","by_region/pdf_region/Asia/Bangladesh/Bebe Chand Sultana, et al (2024). A systematic review of the nexus between climate change and social media - p [238-d9d33a68].pdf",data\text\__rank_238__.txt,yes,yes
40,Evolución e impacto en la comunicación de valores responsables. Caso de estudio en España,Belén López Vázquez,2014,Historia y Comunicación Social,https://doi.org/10.5209/rev_hics.2014.v19.45152,https://doi.org/10.5209/rev_hics.2014.v19.45152,https://revistas.ucm.es/index.php/HICS/article/download/45152/42513,revistas.ucm.es,Servicio de Publicaciones,article,es,25,indirect,env_comm_video,downloaded,,Belén López Vázquez (2014). Evolución e impacto en la comunicación de valores responsables. Caso de estudio en España. Historia y Comunicación Social.pdf,by_region/pdf_region/Europe/Spain/Belén López Vázquez (2014). Evolución e impacto en la comunicación de valores responsables. Caso de estudio en España. Historia y Comunicación Social.pdf,data\text\Belén López Vázquez (2014). Evolución e impacto en la comunicación de valores responsables. Caso de estudio en España. Historia y Comunicación Social.txt,yes,yes
52,Rising Above Misinformation or Fake News in Africa: Another Strategy to Control COVID-19 Spread,Bright Opoku Ahinkorah; Edward Kwabena Ameyaw; John Elvis Hagan; Abdul‐Aziz Seidu; Thomas Schack,2020,Frontiers in Communication,https://doi.org/10.3389/fcomm.2020.00045,https://doi.org/10.3389/fcomm.2020.00045,https://www.frontiersin.org/articles/10.3389/fcomm.2020.00045/pdf,www.frontiersin.org,Frontiers Media,article,en,21,indirect,yt_misinfo,downloaded,,"Bright Opoku Ahinkorah, et al (2020). Rising Above Misinformation or Fake News in Africa - Another Strategy to Control COVID-19 Spread. Frontiers in Communication.pdf","by_region/pdf_region/Oceania/Australia/Bright Opoku Ahinkorah, et al (2020). Rising Above Misinformation or Fake News in Africa - Another Strategy to [52-ebfa4988].pdf","data\text\Bright Opoku Ahinkorah, et al (2020). Rising Above Misinformation or Fake News in Africa - Another Strategy to Control COVID-19 Spread. Frontiers in Communication.txt",yes,yes
336,Discourses of climate inaction undermine public support for 1.5 °C lifestyles,Catherine Cherry; Caroline Verfuerth; Christina Demski,2024,Global Environmental Change,https://doi.org/10.1016/j.gloenvcha.2024.102875,https://doi.org/10.1016/j.gloenvcha.2024.102875,https://orca.cardiff.ac.uk/id/eprint/169774/1/1-s2.0-S0959378024000797-main.pdf,orca.cardiff.ac.uk,Elsevier BV,article,en,14,direct,social_media_discourse,downloaded_additional,,"Catherine Cherry, et al (2024). Discourses of climate inaction undermine public support for 1.5 °C lifestyles. Global Environmental Change.pdf","by_region/pdf_region/Europe/United Kingdom/Catherine Cherry, et al (2024). Discourses of climate inaction undermine public support for 1.5 °C lifestyles. Global Environmental Change.pdf","data\text\Catherine Cherry, et al (2024). Discourses of climate inaction undermine public support for 1.5 °C lifestyles. Global Environmental Change.txt",yes,yes
7,DECOLONIZING NEWSMAKING ON YOUTUBE: THE CASE OF CLIMATE JOURNALISM DURING THE COP26 SUMMIT,Christian Ritter; Rahul Goel; Rajesh Sharma,2023,AoIR Selected Papers of Internet Research,https://doi.org/10.5210/spir.v2022i0.13078,http://dx.doi.org/10.5210/spir.v2022i0.13078,https://spir.aoir.org/ojs/index.php/spir/article/download/13078/10977,spir.aoir.org,,article,en,47,direct,direct_yt_climate; direct_yt_comments; yt_comm,downloaded,,"Christian Ritter, et al (2023). DECOLONIZING NEWSMAKING ON YOUTUBE - THE CASE OF CLIMATE JOURNALISM DURING THE COP26 SUMMIT. AoIR Selected Papers of Internet Research.pdf","by_region/pdf_region/Europe/Sweden/Christian Ritter, et al (2023). DECOLONIZING NEWSMAKING ON YOUTUBE - THE CASE OF CLIMATE JOURNALISM DURING THE [7-3a5aaca7].pdf","data\text\Christian Ritter, et al (2023). DECOLONIZING NEWSMAKING ON YOUTUBE - THE CASE OF CLIMATE JOURNALISM DURING THE COP26 SUMMIT. AoIR Selected Papers of Internet Research.txt",yes,yes
349,Hierarchical machine learning models can identify stimuli of climate change misinformation on social media,Cristian Rojas; Frank Algra-Maschio; Mark Andrejevic; Travis Coan; John Cook; Yuan-Fang Li,2024,Communications Earth & Environment,https://doi.org/10.1038/s43247-024-01573-7,https://doi.org/10.1038/s43247-024-01573-7,https://www.nature.com/articles/s43247-024-01573-7.pdf,www.nature.com,Nature Portfolio,article,en,13,direct,social_media_misinfo,downloaded_additional,,"Cristian Rojas, et al (2024). Hierarchical machine learning models can identify stimuli of climate change misinformation on social media. Communications Earth & Environment.pdf","by_region/pdf_region/Oceania/Australia/Cristian Rojas, et al (2024). Hierarchical machine learning models can identify stimuli of climate change misi [349-05304355].pdf","data\text\Cristian Rojas, et al (2024). Hierarchical machine learning models can identify stimuli of climate change misinformation on social media. Communications Earth & Environment.txt",yes,yes
41,Using interpersonal communication strategies to encourage science conversations on social media,Curtis Martin; Bertrum H. MacDonald,2020,PLoS ONE,https://doi.org/10.1371/journal.pone.0241972,https://doi.org/10.1371/journal.pone.0241972,https://journals.plos.org/plosone/article/file?id=10.1371/journal.pone.0241972&type=printable,journals.plos.org,Public Library of Science,article,en,25,indirect,yt_denial,downloaded,,"Curtis Martin, & Bertrum H. MacDonald (2020). Using interpersonal communication strategies to encourage science conversations on social media. PLoS ONE.pdf","by_region/pdf_region/North America/Canada/Curtis Martin, & Bertrum H. MacDonald (2020). Using interpersonal communication strategies to encourage science conversations on social media. PLoS ONE.pdf","data\text\Curtis Martin, & Bertrum H. MacDonald (2020). Using interpersonal communication strategies to encourage science conversations on social media. PLoS ONE.txt",yes,yes
12,Framing Climate Change on YouTube: North-South Divides in Narratives and Public Engagement,"Damle, Sanika; Krishnan, Radhika",2025,ArXiv.org,,http://arxiv.org/abs/2512.08183,https://arxiv.org/pdf/2512.08183,arxiv.org,,article,,47,direct,direct_yt_climate,downloaded,,"Damle, Sanika, & Krishnan, Radhika (2025). Framing Climate Change on YouTube - North-South Divides in Narratives and Public Engagement. ArXiv.org.pdf","by_region/pdf_region/Unknown/Unknown/Damle, Sanika, & Krishnan, Radhika (2025). Framing Climate Change on YouTube - North-South Divides in Narratives and Public Engagement. ArXiv.org.pdf","data\text\Damle, Sanika, & Krishnan, Radhika (2025). Framing Climate Change on YouTube - North-South Divides in Narratives and Public Engagement. ArXiv.org.txt",yes,yes
53,Understanding Environmental Posts: Sentiment and Emotion Analysis of Social Media Data,Daniyar Amangeldi; Aida Usmanova; Pakizar Shamoi,2024,IEEE Access,https://doi.org/10.1109/access.2024.3371585,https://doi.org/10.1109/access.2024.3371585,https://ieeexplore.ieee.org/ielx7/6287639/6514899/10453566.pdf,ieeexplore.ieee.org,Institute of Electrical and Electronics Engineers,article,en,37,direct,direct_yt_climate; yt_skepticism,downloaded_additional,,"Daniyar Amangeldi, et al (2024). Understanding Environmental Posts - Sentiment and Emotion Analysis of Social Media Data. IEEE Access.pdf","by_region/pdf_region/Unknown/KZ/Daniyar Amangeldi, et al (2024). Understanding Environmental Posts - Sentiment and Emotion Analysis of Social Media Data. IEEE Access.pdf","data\text\Daniyar Amangeldi, et al (2024). Understanding Environmental Posts - Sentiment and Emotion Analysis of Social Media Data. IEEE Access.txt",yes,yes
24,Analysis of climate denialism on YouTube: Refuting instead of debating,David Vicente Torrico,2023,Catalan Journal of Communication & Cultural Studies,https://doi.org/10.1386/cjcs_00089_1,https://uvadoc.uva.es/handle/10324/65675,https://uvadoc.uva.es/bitstream/10324/65675/1/Catalan%20Journal.pdf,uvadoc.uva.es,Intellect,article,en,44,direct,yt_denial,downloaded,,David Vicente Torrico (2023). Analysis of climate denialism on YouTube - Refuting instead of debating. Catalan Journal of Communication & Cultural Studies.pdf,by_region/pdf_region/Europe/Spain/David Vicente Torrico (2023). Analysis of climate denialism on YouTube - Refuting instead of debating. Catalan Journal of Communication & Cultural Studies.pdf,data\text\David Vicente Torrico (2023). Analysis of climate denialism on YouTube - Refuting instead of debating. Catalan Journal of Communication & Cultural Studies.txt,yes,yes
35,Negacionismo y desinformación climática en YouTube,David Vicente Torrico; Víctor González Puente,2023,Miguel Hernández Communication Journal,https://doi.org/10.21134/mhjournal.v14i.1812,https://doi.org/10.21134/mhjournal.v14i.1812,https://revistas.innovacionumh.es/index.php/mhcj/article/download/1812/1864,revistas.innovacionumh.es,,article,es,42,direct,direct_yt_climate; yt_denial,downloaded,,"David Vicente Torrico, & Víctor González Puente (2023). Negacionismo y desinformación climática en YouTube. Miguel Hernández Communication Journal.pdf","by_region/pdf_region/Europe/Spain/David Vicente Torrico, & Víctor González Puente (2023). Negacionismo y desinformación climática en YouTube. Miguel Hernández Communication Journal.pdf","data\text\David Vicente Torrico, & Víctor González Puente (2023). Negacionismo y desinformación climática en YouTube. Miguel Hernández Communication Journal.txt",yes,yes
278,The new denial: climate <i>solution</i> misinformation on social media,Emily Nicolosi; Richard Medina; Simon Brewer; Madi Vorkink; A. L. Allred,2025,Global Sustainability,https://doi.org/10.1017/sus.2025.10016,https://doi.org/10.1017/sus.2025.10016,https://www.cambridge.org/core/services/aop-cambridge-core/content/view/F10A70013E056587C9881DFBC3E4F877/S2059479825100161a.pdf/div-class-title-the-new-denial-climate-span-class-italic-solution-span-misinformation-on-social-media-div.pdf,www.cambridge.org,Cambridge University Press,article,en,17,direct,social_media_misinfo,downloaded,,"Emily Nicolosi, et al (2025). The new denial - climate isolutioni misinformation on social media. Global Sustainability.pdf","by_region/pdf_region/North America/United States/Emily Nicolosi, et al (2025). The new denial - climate isolutioni misinformation on social media. Global Sustainability.pdf","data\text\Emily Nicolosi, et al (2025). The new denial - climate isolutioni misinformation on social media. Global Sustainability.txt",yes,yes
2,"Why Should Scientists be on YouTube? It’s all About Bamboo, Oil and Ice Cream",Eric B. Brennan,2021,Frontiers in Communication,https://doi.org/10.3389/fcomm.2021.586297,https://doi.org/10.3389/fcomm.2021.586297,https://www.frontiersin.org/articles/10.3389/fcomm.2021.586297/pdf,www.frontiersin.org,Frontiers Media,article,en,48,direct,direct_yt_climate; yt_comm; yt_misinfo,downloaded,,"Eric B. Brennan (2021). Why Should Scientists be on YouTube It’s all About Bamboo, Oil and Ice Cream. Frontiers in Communication.pdf","by_region/pdf_region/North America/United States/Eric B. Brennan (2021). Why Should Scientists be on YouTube It’s all About Bamboo, Oil and Ice Cream. Frontiers in Communication.pdf","data\text\Eric B. Brennan (2021). Why Should Scientists be on YouTube It’s all About Bamboo, Oil and Ice Cream. Frontiers in Communication.txt",yes,yes
16,Frame Sequencing the Climate Change Online: An Analysis of Evolving Narratives on YouTube Video Data,Francesco Amato; Alberto Maria De Mascellis,2026,,https://doi.org/10.21203/rs.3.rs-8831546/v1,https://doi.org/10.21203/rs.3.rs-8831546/v1,https://www.researchsquare.com/article/rs-8831546/latest.pdf,www.researchsquare.com,,preprint,,47,direct,direct_yt_climate,downloaded,,"Francesco Amato, & Alberto Maria De Mascellis (2026). Frame Sequencing the Climate Change Online - An Analysis of Evolving Narratives on YouTube Video Data. Unknown Journal.pdf","by_region/pdf_region/Europe/Italy/Francesco Amato, & Alberto Maria De Mascellis (2026). Frame Sequencing the Climate Change Online - An Analysis [16-c744843a].pdf","data\text\Francesco Amato, & Alberto Maria De Mascellis (2026). Frame Sequencing the Climate Change Online - An Analysis of Evolving Narratives on YouTube Video Data. Unknown Journal.txt",yes,yes
59,Uncovering a Climate Catastrophe? Media Coverage of Australia’s Black Summer Bushfires and the Revelatory Extent of the Climate Blame Frame,Gabi Mocatta; Erin Hawley,2020,M/C Journal,https://doi.org/10.5204/mcj.1666,https://doi.org/10.5204/mcj.1666,https://www.tai.org.au/sites/default/files/Polling%20-%20January%202020%20-%20Climate%20change%20concern%20and%20attitude%20%5BWeb%5D.pdf,www.tai.org.au,Queensland University of Technology,article,en,35,direct,social_media_discourse; social_media_framing; social_media_misinfo,downloaded_additional,,"Gabi Mocatta, & Erin Hawley (2020). Uncovering a Climate Catastrophe Media Coverage of Australia’s Black Summer Bushfires and the Revelatory Extent of the Climate Bla. MC Journal.pdf","by_region/pdf_region/Oceania/Australia/Gabi Mocatta, & Erin Hawley (2020). Uncovering a Climate Catastrophe Media Coverage of Australia’s Black Summe [59-a4cecf4f].pdf","data\text\Gabi Mocatta, & Erin Hawley (2020). Uncovering a Climate Catastrophe Media Coverage of Australia’s Black Summer Bushfires and the Revelatory Extent of the Climate Bla. MC Journal.txt",yes,yes
123,The changing language and sentiment of conversations about climate change in Reddit posts over sixteen years,Gabriele Fariello; Dariusz Jemielniak,2025,Communications Earth & Environment,https://doi.org/10.1038/s43247-024-01974-8,https://doi.org/10.1038/s43247-024-01974-8,https://www.nature.com/articles/s43247-024-01974-8.pdf,www.nature.com,Nature Portfolio,article,en,26,direct,social_media_engagement,downloaded_retry,,"Gabriele Fariello, & Dariusz Jemielniak (2025). The changing language and sentiment of conversations about climate change in Reddit posts ov [123-e945484a].pdf","by_region/pdf_region/North America/United States/Gabriele Fariello, & Dariusz Jemielniak (2025). The changing language and sentiment of conversations about cli [123-9ef80724].pdf","data\text\Gabriele Fariello, & Dariusz Jemielniak (2025). The changing language and sentiment of conversations about climate change in Reddit posts ov [123-e945484a].txt",yes,yes
196,Exploring Emerging NLP and Machine Learning Methods in Climate Change Discourse Analysis on Social Media: A Systematic Literature Review,Hana Ghiloufi; Nicolás Merveille; Sehl Mellouli,2025,,https://doi.org/10.1007/978-3-031-82896-6_7,https://doi.org/10.1007/978-3-031-82896-6_7,https://link.springer.com/content/pdf/10.1007/978-3-031-82896-6_7.pdf,link.springer.com,,book-chapter,en,22,direct,social_media_discourse,downloaded_additional,,"Hana Ghiloufi, et al (2025). Exploring Emerging NLP and Machine Learning Methods in Climate Change Discourse Analysis on Social Media - A Systematic Literature. Unknown Journal.pdf","by_region/pdf_region/North America/Canada/Hana Ghiloufi, et al (2025). Exploring Emerging NLP and Machine Learning Methods in Climate Change Discourse A [196-a6e597ec].pdf","data\text\Hana Ghiloufi, et al (2025). Exploring Emerging NLP and Machine Learning Methods in Climate Change Discourse Analysis on Social Media - A Systematic Literature. Unknown Journal.txt",yes,yes
27,Guiding interpretation towards deproblematization: A video interview with a Climate Change denier analysed as conspiracy theory,Heidi Campana Piva,2024,Sign Systems Studies,https://doi.org/10.12697/sss.2024.52.1-2.10,https://doi.org/10.12697/sss.2024.52.1-2.10,https://ojs.utlib.ee/index.php/sss/article/download/24503/18628,ojs.utlib.ee,University of Tartu Press,article,en,44,direct,yt_denial,downloaded,,Heidi Campana Piva (2024). Guiding interpretation towards deproblematization - A video interview with a Climate Change denier analysed as conspirac. Sign Systems Studies.pdf,by_region/pdf_region/Europe/Italy/Heidi Campana Piva (2024). Guiding interpretation towards deproblematization - A video interview with a Climat [27-d7fa009c].pdf,data\text\Heidi Campana Piva (2024). Guiding interpretation towards deproblematization - A video interview with a Climate Change denier analysed as conspirac. Sign Systems Studies.txt,yes,yes
275,Longitudinal national evidence that social media use did not drive climate skepticism and polarization in the 2010s,Helen Fischer; Markus Huff; Chris G. Sibley; Taciano L. Milfont,2023,,https://doi.org/10.31219/osf.io/7r5wc,https://doi.org/10.31219/osf.io/7r5wc,https://osf.io/7r5wc/download,osf.io,,preprint,en,17,direct,social_media_polarization,downloaded,,"Helen Fischer, et al (2023). Longitudinal national evidence that social media use did not drive climate skepticism and polarization in the 2010s. Unknown Journal.pdf","by_region/pdf_region/Europe/Germany/Helen Fischer, et al (2023). Longitudinal national evidence that social media use did not drive climate skepti [275-35c51520].pdf","data\text\Helen Fischer, et al (2023). Longitudinal national evidence that social media use did not drive climate skepticism and polarization in the 2010s. Unknown Journal.txt",yes,yes
6,CLIMATE ANXIETY AS A LENS INTO YOUNG PEOPLE'S POLITICAL EXPRESSION ON YOUTUBE,Ioana Literat; Neta Kligler-Vilenchik,2023,AoIR Selected Papers of Internet Research,https://doi.org/10.5210/spir.v2023i0.13449,https://doi.org/10.5210/spir.v2023i0.13449,https://spir.aoir.org/ojs/index.php/spir/article/download/13449/11445,spir.aoir.org,,article,en,47,direct,content_analysis; direct_yt_comments; yt_comm,downloaded,,"Ioana Literat, & Neta Kligler-Vilenchik (2023). CLIMATE ANXIETY AS A LENS INTO YOUNG PEOPLE'S POLITICAL EXPRESSION ON YOUTUBE. AoIR Selected Papers of Internet Research.pdf","by_region/pdf_region/North America/United States/Ioana Literat, & Neta Kligler-Vilenchik (2023). CLIMATE ANXIETY AS A LENS INTO YOUNG PEOPLE'S POLITICAL EXPRES [6-68462cd9].pdf","data\text\Ioana Literat, & Neta Kligler-Vilenchik (2023). CLIMATE ANXIETY AS A LENS INTO YOUNG PEOPLE'S POLITICAL EXPRESSION ON YOUTUBE. AoIR Selected Papers of Internet Research.txt",yes,yes
86,An examination of digital empathy: When farmers speak for the climate through TikTok,İlkay Unay‐Gailhard; Kati Lawson; Mark A. Brennan,2023,Journal of Rural Studies,https://doi.org/10.1016/j.jrurstud.2023.103075,https://doi.org/10.1016/j.jrurstud.2023.103075,https://www.econstor.eu/bitstream/10419/274076/1/Unay_Gailhard_2023_examination_digital_empathy.pdf,www.econstor.eu,Elsevier BV,article,en,31,direct,video_platform,downloaded_additional,,"İlkay Unay‐Gailhard, et al (2023). An examination of digital empathy - When farmers speak for the climate through TikTok. Journal of Rural Studies.pdf","by_region/pdf_region/Europe/Germany/İlkay Unay‐Gailhard, et al (2023). An examination of digital empathy - When farmers speak for the climate through TikTok. Journal of Rural Studies.pdf","data\text\İlkay Unay‐Gailhard, et al (2023). An examination of digital empathy - When farmers speak for the climate through TikTok. Journal of Rural Studies.txt",yes,yes
181,Mapping climate discourse to climate opinion: An approach for augmenting surveys with social media to enhance understandings of climate opinion in the United States,Jackson Bennett; Benjamin Rachunok; Roger Flage; Roshanak Nateghi,2021,PLoS ONE,https://doi.org/10.1371/journal.pone.0245319,https://doi.org/10.1371/journal.pone.0245319,https://journals.plos.org/plosone/article/file?id=10.1371/journal.pone.0245319&type=printable,journals.plos.org,Public Library of Science,article,en,22,direct,social_media_discourse; social_media_framing,downloaded,,"Jackson Bennett, et al (2021). Mapping climate discourse to climate opinion - An approach for augmenting surveys with social media to enhance understan. PLoS ONE.pdf","by_region/pdf_region/North America/United States/Jackson Bennett, et al (2021). Mapping climate discourse to climate opinion - An approach for augmenting surve [181-e817a962].pdf","data\text\Jackson Bennett, et al (2021). Mapping climate discourse to climate opinion - An approach for augmenting surveys with social media to enhance understan. PLoS ONE.txt",yes,yes
213,Climate delay discourses present in global mainstream television coverage of the IPCC’s 2021 report,James Painter; Joshua Ettinger; David Holmes; Loredana Loy; Janaína Pinto; Lucy Richardson; Laura Thomas‐Walters; Kjell Vowles; Rachel Wetts,2023,Communications Earth & Environment,https://doi.org/10.1038/s43247-023-00760-2,https://doi.org/10.1038/s43247-023-00760-2,https://www.nature.com/articles/s43247-023-00760-2.pdf,www.nature.com,Nature Portfolio,article,en,21,direct,yt_denial; yt_skepticism,downloaded_additional,,"James Painter, et al (2023). Climate delay discourses present in global mainstream television coverage of the IPCC’s 2021 report. Communications Earth & Environment.pdf","by_region/pdf_region/Europe/United Kingdom/James Painter, et al (2023). Climate delay discourses present in global mainstream television coverage of the [213-148463fe].pdf","data\text\James Painter, et al (2023). Climate delay discourses present in global mainstream television coverage of the IPCC’s 2021 report. Communications Earth & Environment.txt",yes,yes
364,Event triggers and opinion leaders shape climate change discourse on Weibo,Jianxun Yang; Yan Hu; Miaomiao Liu; Yuan Li; Zongwei Ma; Wen Fang; Jun Bi,2025,Communications Earth & Environment,https://doi.org/10.1038/s43247-025-02124-4,https://doi.org/10.1038/s43247-025-02124-4,https://www.nature.com/articles/s43247-025-02124-4.pdf,www.nature.com,Nature Portfolio,article,en,12,direct,network,downloaded,,"Jianxun Yang, et al (2025). Event triggers and opinion leaders shape climate change discourse on Weibo. Communications Earth & Environment.pdf","by_region/pdf_region/Asia/China/Jianxun Yang, et al (2025). Event triggers and opinion leaders shape climate change discourse on Weibo. Communications Earth & Environment.pdf","data\text\Jianxun Yang, et al (2025). Event triggers and opinion leaders shape climate change discourse on Weibo. Communications Earth & Environment.txt",yes,yes
31,Science on YouTube: What users find when they search for climate science and climate manipulation,Joachim Allgaier,2016,arXiv (Cornell University),https://doi.org/10.48550/arxiv.1602.02692,http://arxiv.org/abs/1602.02692,https://arxiv.org/pdf/1602.02692,arxiv.org,Cornell University,preprint,en,43,direct,yt_comm,downloaded,,Joachim Allgaier (2016). Science on YouTube - What users find when they search for climate science and climate manipulation. arXiv (Cornell University).pdf,by_region/pdf_region/Unknown/Unknown/Joachim Allgaier (2016). Science on YouTube - What users find when they search for climate science and climate manipulation. arXiv (Cornell University).pdf,data\text\Joachim Allgaier (2016). Science on YouTube - What users find when they search for climate science and climate manipulation. arXiv (Cornell University).txt,yes,yes
41,Science and Environmental Communication on YouTube: Strategically Distorted Communications in Online Videos on Climate Change and Climate Engineering,Joachim Allgaier,2019,Frontiers in Communication,https://doi.org/10.3389/fcomm.2019.00036,https://doi.org/10.3389/fcomm.2019.00036,https://www.frontiersin.org/articles/10.3389/fcomm.2019.00036/pdf,www.frontiersin.org,Frontiers Media,article,en,40,direct,audience_response; content_analysis; direct_yt_climate; direct_yt_comments; env_comm_video; yt_comm; yt_denial; yt_misinfo,downloaded_additional_text_extract_failed,,Joachim Allgaier (2019). Science and Environmental Communication on YouTube - Strategically Distorted Communications in Online Videos on Climate Change and. Frontiers in Communication.pdf,by_region/pdf_region/Europe/Germany/Joachim Allgaier (2019). Science and Environmental Communication on YouTube - Strategically Distorted Communic [41-16cf5f13].pdf,data\text\__rank_41__.txt,yes,yes
58,The geopolitics of ‘platforms’: the TikTok challenge,Joanne Gray,2021,Internet Policy Review,https://doi.org/10.14763/2021.2.1557,https://doi.org/10.14763/2021.2.1557,https://policyreview.info/pdf/policyreview-2021-2-1557.pdf,policyreview.info,Alexander von Humboldt Institute for Internet and Society,article,en,18,indirect,yt_denial,downloaded,,Joanne Gray (2021). The geopolitics of ‘platforms’ - the TikTok challenge. Internet Policy Review.pdf,by_region/pdf_region/Oceania/Australia/Joanne Gray (2021). The geopolitics of ‘platforms’ - the TikTok challenge. Internet Policy Review.pdf,data\text\Joanne Gray (2021). The geopolitics of ‘platforms’ - the TikTok challenge. Internet Policy Review.txt,yes,yes
53,Do deepfake videos undermine our epistemic trust? A thematic analysis of tweets that discuss deepfakes in the Russian invasion of Ukraine,John G. Twomey; Didier Ching; Matthew P. Aylett; Michael Quayle; Conor Linehan; Gillian Murphy,2023,PLoS ONE,https://doi.org/10.1371/journal.pone.0291668,https://doi.org/10.1371/journal.pone.0291668,https://journals.plos.org/plosone/article/file?id=10.1371/journal.pone.0291668&type=printable,journals.plos.org,Public Library of Science,article,en,21,indirect,yt_skepticism,downloaded,,"John G. Twomey, et al (2023). Do deepfake videos undermine our epistemic trust A thematic analysis of tweets that discuss deepfakes in the Russian inv. PLoS ONE.pdf","by_region/pdf_region/Europe/Ireland/John G. Twomey, et al (2023). Do deepfake videos undermine our epistemic trust A thematic analysis of tweets that discuss deepfakes in the Russian inv. PLoS ONE.pdf","data\text\John G. Twomey, et al (2023). Do deepfake videos undermine our epistemic trust A thematic analysis of tweets that discuss deepfakes in the Russian inv. PLoS ONE.txt",yes,yes
39,Teacher Education for Sustainability in Network Society: Combining Digital and Sustainability Literacies,John Huckle,2012,Journal of Teacher Education for Sustainability,https://doi.org/10.2478/v10099-012-0013-9,https://doi.org/10.2478/v10099-012-0013-9,https://content.sciendo.com/downloadpdf/journals/jtes/14/2/article-p130.pdf,content.sciendo.com,De Gruyter,article,en,25,indirect,env_comm_video,downloaded,,John Huckle (2012). Teacher Education for Sustainability in Network Society - Combining Digital and Sustainability Literacies. Journal of Teacher Education for Sustainability.pdf,by_region/pdf_region/Europe/United Kingdom/John Huckle (2012). Teacher Education for Sustainability in Network Society - Combining Digital and Sustainabi [39-06e4ed90].pdf,data\text\John Huckle (2012). Teacher Education for Sustainability in Network Society - Combining Digital and Sustainability Literacies. Journal of Teacher Education for Sustainability.txt,yes,yes
102,TEXT AND IMAGE CONTEXTUAL INCONGRUENCIES IN CLIMATE MISINFORMATION ON SOCIAL MEDIA: A NEURO-IS APPROACH,John-Patrick Akinyemi; John-Patrick Akinyemi; USDOE National Nuclear Security Administration (NNSA),2024,,https://doi.org/10.2172/2585750,https://doi.org/10.2172/2585750,https://www.osti.gov/servlets/purl/2585750,www.osti.gov,,report,en,27,direct,social_media_misinfo,downloaded_additional,,"John-Patrick Akinyemi, et al (2024). TEXT AND IMAGE CONTEXTUAL INCONGRUENCIES IN CLIMATE MISINFORMATION ON SOCIAL MEDIA - A NEURO-IS APPROACH. Unknown Journal.pdf","by_region/pdf_region/North America/United States/John-Patrick Akinyemi, et al (2024). TEXT AND IMAGE CONTEXTUAL INCONGRUENCIES IN CLIMATE MISINFORMATION ON SOC [102-9d391177].pdf","data\text\John-Patrick Akinyemi, et al (2024). TEXT AND IMAGE CONTEXTUAL INCONGRUENCIES IN CLIMATE MISINFORMATION ON SOCIAL MEDIA - A NEURO-IS APPROACH. Unknown Journal.txt",yes,yes
47,Speaking of Sustainability… The Triple Bottom Line in Firm- and User-Generated Content,Jonah Blits; Narine Yegoryan; Timo Mandler; Alexa B. Burmester,2025,Schmalenbach Journal of Business Research,https://doi.org/10.1007/s41471-025-00215-8,https://doi.org/10.1007/s41471-025-00215-8,https://link.springer.com/content/pdf/10.1007/s41471-025-00215-8.pdf,link.springer.com,Springer Science+Business Media,article,en,22,indirect,env_comm_video,downloaded,,"Jonah Blits, et al (2025). Speaking of Sustainability... The Triple Bottom Line in Firm- and User-Generated Content. Schmalenbach Journal of Business Research.pdf","by_region/pdf_region/Europe/Germany/Jonah Blits, et al (2025). Speaking of Sustainability... The Triple Bottom Line in Firm- and User-Generated Content. Schmalenbach Journal of Business Research.pdf","data\text\Jonah Blits, et al (2025). Speaking of Sustainability... The Triple Bottom Line in Firm- and User-Generated Content. Schmalenbach Journal of Business Research.txt",yes,yes
46,Which Generation is more Environmental Consciousness? A comparative study of Generation Z &amp; Millennial to predict effect of Digital Ads on Green Buying Decisions,Khansa Zaman,2022,Business & Economic Review,https://doi.org/10.22547/ber/14.2.5,https://doi.org/10.22547/ber/14.2.5,https://doi.org/10.22547/ber/14.2.5,doi.org,,article,en,22,indirect,env_comm_video,downloaded,,Khansa Zaman (2022). Which Generation is more Environmental Consciousness A comparative study of Generation Z &amp; Millennial to predict eff. Business & Economic Review.pdf,by_region/pdf_region/Unknown/Unknown/Khansa Zaman (2022). Which Generation is more Environmental Consciousness A comparative study of Generation Z [46-29e0771d].pdf,data\text\Khansa Zaman (2022). Which Generation is more Environmental Consciousness A comparative study of Generation Z &amp; Millennial to predict eff. Business & Economic Review.txt,yes,yes
85,"Evidence-based communication on climate change and health: Testing videos, text, and maps on climate change and Lyme disease in Manitoba, Canada",Laura Cameron; Rhéa Rocque; Kailey Penner; Ian Mauro,2021,PLoS ONE,https://doi.org/10.1371/journal.pone.0252952,https://doi.org/10.1371/journal.pone.0252952,https://journals.plos.org/plosone/article/file?id=10.1371/journal.pone.0252952&type=printable,journals.plos.org,Public Library of Science,article,en,31,direct,audience_response; video_platform,downloaded_additional,,"Laura Cameron, et al (2021). Evidence-based communication on climate change and health - Testing videos, text, and maps on climate change and Lyme disease in M. PLoS ONE.pdf","by_region/pdf_region/North America/Canada/Laura Cameron, et al (2021). Evidence-based communication on climate change and health - Testing videos, text, [85-e3fba678].pdf","data\text\Laura Cameron, et al (2021). Evidence-based communication on climate change and health - Testing videos, text, and maps on climate change and Lyme disease in M. PLoS ONE.txt",yes,yes
45,Environmental Science Communication for a Young Audience: A Case Study on the #EarthOvershootDay Campaign on YouTube 🎬🌎,Lena Kaul; Philipp Schrögel; Christian Humm,2020,,https://doi.org/10.31235/osf.io/7qju2,https://doi.org/10.31235/osf.io/7qju2,https://osf.io/7qju2/download,osf.io,,preprint,en,39,direct,direct_yt_climate; direct_yt_comments; env_comm_video; yt_comm,downloaded_additional,,"Lena Kaul, et al (2020). Environmental Science Communication for a Young Audience - A Case Study on the #EarthOvershootDay Campaign on YouTube 🎬🌎. Unknown Journal.pdf","by_region/pdf_region/Europe/Germany/Lena Kaul, et al (2020). Environmental Science Communication for a Young Audience - A Case Study on the #Earth [45-caea02f4].pdf","data\text\Lena Kaul, et al (2020). Environmental Science Communication for a Young Audience - A Case Study on the #EarthOvershootDay Campaign on YouTube 🎬🌎. Unknown Journal.txt",yes,yes
36,From Denial to the Culture Wars: A Study of Climate Misinformation on YouTube,Lluis de Nadal,2024,Environmental Communication,https://doi.org/10.1080/17524032.2024.2363861,https://doi.org/10.1080/17524032.2024.2363861,https://www.tandfonline.com/doi/pdf/10.1080/17524032.2024.2363861?needAccess=true,www.tandfonline.com,Taylor & Francis,article,en,42,direct,direct_yt_climate; yt_denial; yt_misinfo,downloaded,,Lluis de Nadal (2024). From Denial to the Culture Wars - A Study of Climate Misinformation on YouTube. Environmental Communication.pdf,by_region/pdf_region/Europe/United Kingdom/Lluis de Nadal (2024). From Denial to the Culture Wars - A Study of Climate Misinformation on YouTube. Environmental Communication.pdf,data\text\Lluis de Nadal (2024). From Denial to the Culture Wars - A Study of Climate Misinformation on YouTube. Environmental Communication.txt,yes,yes
9,Distributional range shift of a marine fish relates to a geographical gradient of emotions among recreational fishers,Lucía Espasandín; Marta Coll; Valerio Sbragaglia,2024,Ecology and Society,https://doi.org/10.5751/es-14793-290121,https://doi.org/10.5751/es-14793-290121,https://www.ecologyandsociety.org/vol29/iss1/art21/ES-2023-14793.pdf,www.ecologyandsociety.org,Resilience Alliance,article,en,47,direct,direct_yt_comments,downloaded,,"Lucía Espasandín, et al (2024). Distributional range shift of a marine fish relates to a geographical gradient of emotions among recreational fishers. Ecology and Society.pdf","by_region/pdf_region/Unknown/Unknown/Lucía Espasandín, et al (2024). Distributional range shift of a marine fish relates to a geographical gradie [9-fb6e3a56].pdf","data\text\Lucía Espasandín, et al (2024). Distributional range shift of a marine fish relates to a geographical gradient of emotions among recreational fishers. Ecology and Society.txt",yes,yes
63,How Can Semantic Annotation Help Us to Analyse the Discourse of Climate Change in Online User Comments?,Luke Collins,2011,Linguistik Online,https://doi.org/10.13092/lo.70.1743,https://doi.org/10.13092/lo.70.1743,https://bop.unibe.ch/linguistik-online/article/download/1743/2958,bop.unibe.ch,University of Bern,article,en,34,direct,social_media_comments,downloaded,,Luke Collins (2011). How Can Semantic Annotation Help Us to Analyse the Discourse of Climate Change in Online User Comments. Linguistik Online.pdf,by_region/pdf_region/Unknown/Unknown/Luke Collins (2011). How Can Semantic Annotation Help Us to Analyse the Discourse of Climate Change in Online User Comments. Linguistik Online.pdf,data\text\Luke Collins (2011). How Can Semantic Annotation Help Us to Analyse the Discourse of Climate Change in Online User Comments. Linguistik Online.txt,yes,yes
77,"Pro-Science, Anti-Science and Neutral Science in Online Videos on Climate Change, Vaccines and Nanotechnology",M. Carmen Erviti Ilundain; Mónica Codina; Bienvenido León,2020,Media and Communication,https://doi.org/10.17645/mac.v8i2.2937,https://doi.org/10.17645/mac.v8i2.2937,https://www.cogitatiopress.com/mediaandcommunication/article/download/2937/2937,www.cogitatiopress.com,Cogitatio,article,en,33,direct,yt_skepticism,downloaded_retry,,"M. Carmen Erviti Ilundain, et al (2020). Pro-Science, Anti-Science and Neutral Science in Online Videos on Climate Change, Vaccines and Nanotechnology. Media and Communication.pdf","by_region/pdf_region/Europe/Spain/M. Carmen Erviti Ilundain, et al (2020). Pro-Science, Anti-Science and Neutral Science in Online Videos on Cli [77-5c8c9f55].pdf","data\text\M. Carmen Erviti Ilundain, et al (2020). Pro-Science, Anti-Science and Neutral Science in Online Videos on Climate Change, Vaccines and Nanotechnology. Media and Communication.txt",yes,yes
122,"Social Media, Political Polarization, and Climate Change: A Systematic Literature Review",Marc Esteve Del Valle,2025,Review of Communication Research,https://doi.org/10.52152/rcr.v13.s4,https://doi.org/10.52152/rcr.v13.s4,https://rcommunicationr.org/index.php/rcr/article/download/210/89,rcommunicationr.org,Review of Communication Research,article,en,26,direct,social_media_polarization,downloaded,,"Marc Esteve Del Valle (2025). Social Media, Political Polarization, and Climate Change - A Systematic Literature Review. Review of Communication Research.pdf","by_region/pdf_region/Europe/Netherlands/Marc Esteve Del Valle (2025). Social Media, Political Polarization, and Climate Change - A Systematic Literature Review. Review of Communication Research.pdf","data\text\Marc Esteve Del Valle (2025). Social Media, Political Polarization, and Climate Change - A Systematic Literature Review. Review of Communication Research.txt",yes,yes
157,Emotional framing in online environmental activism: Pairing a Twitter study with an offline experiment,Mary Sanford; Marta Witkowska; Robert Gifford; Magda M. Formanowicz,2023,Frontiers in Psychology,https://doi.org/10.3389/fpsyg.2022.1099331,https://doi.org/10.3389/fpsyg.2022.1099331,https://www.frontiersin.org/articles/10.3389/fpsyg.2022.1099331/pdf,www.frontiersin.org,Frontiers Media,article,en,23,direct,social_media_framing,downloaded_additional,,"Mary Sanford, et al (2023). Emotional framing in online environmental activism - Pairing a Twitter study with an offline experiment. Frontiers in Psychology.pdf","by_region/pdf_region/Europe/United Kingdom/Mary Sanford, et al (2023). Emotional framing in online environmental activism - Pairing a Twitter study with [157-58eff711].pdf","data\text\Mary Sanford, et al (2023). Emotional framing in online environmental activism - Pairing a Twitter study with an offline experiment. Frontiers in Psychology.txt",yes,yes
32,DEEP NEURAL NETWORKS FOR SOCIAL VISUALS: STUDYING CLIMATE COMMUNICATION ON YOUTUBE,Matteo Magnani; Alexandra Segerberg,2021,AoIR Selected Papers of Internet Research,https://doi.org/10.5210/spir.v2021i0.12204,https://doi.org/10.5210/spir.v2021i0.12204,https://journals.uic.edu/ojs/index.php/spir/article/download/12204/10353,journals.uic.edu,,article,en,43,direct,yt_comm,downloaded,,"Matteo Magnani, & Alexandra Segerberg (2021). DEEP NEURAL NETWORKS FOR SOCIAL VISUALS - STUDYING CLIMATE COMMUNICATION ON YOUTUBE. AoIR Selected Papers of Internet Research.pdf","by_region/pdf_region/Europe/Sweden/Matteo Magnani, & Alexandra Segerberg (2021). DEEP NEURAL NETWORKS FOR SOCIAL VISUALS - STUDYING CLIMATE COMMU [32-04aaebe8].pdf","data\text\Matteo Magnani, & Alexandra Segerberg (2021). DEEP NEURAL NETWORKS FOR SOCIAL VISUALS - STUDYING CLIMATE COMMUNICATION ON YOUTUBE. AoIR Selected Papers of Internet Research.txt",yes,yes
221,Growing polarization around climate change on social media,Max Falkenberg; Alessandro Galeazzi; Maddalena Torricelli; Niccolò Di Marco; Francesca Larosa; Madalina I Sas; Amin Mekacher; Warren Pearce; Fabiana Zollo; Walter Quattrociocchi; Andrea Baronchelli,2022,Nature Climate Change,https://doi.org/10.1038/s41558-022-01527-x,https://doi.org/10.1038/s41558-022-01527-x,https://www.nature.com/articles/s41558-022-01527-x.pdf,www.nature.com,Nature Portfolio,article,en,20,direct,audience_response; content_analysis; direct_yt_climate; direct_yt_comments; env_comm_video; social_media_polarization; yt_comm; yt_misinfo; yt_skepticism,downloaded,,"Max Falkenberg, et al (2022). Growing polarization around climate change on social media. Nature Climate Change.pdf","by_region/pdf_region/Europe/United Kingdom/Max Falkenberg, et al (2022). Growing polarization around climate change on social media. Nature Climate Change.pdf","data\text\Max Falkenberg, et al (2022). Growing polarization around climate change on social media. Nature Climate Change.txt",yes,yes
215,News and Social Media Imagery of Climate Change,Mike S. Schäfer; Xiaoyue Yan,2023,,https://doi.org/10.4324/9781003409748-11,https://doi.org/10.4324/9781003409748-11,https://api.taylorfrancis.com/content/chapters/oa-edit/download?identifierName=doi&identifierValue=10.4324/9781003409748-11&type=chapterpdf,api.taylorfrancis.com,,book-chapter,en,21,direct,social_media_engagement,downloaded_additional,,"Mike S. Schäfer, & Xiaoyue Yan (2023). News and Social Media Imagery of Climate Change. Unknown Journal.pdf","by_region/pdf_region/Europe/Switzerland/Mike S. Schäfer, & Xiaoyue Yan (2023). News and Social Media Imagery of Climate Change. Unknown Journal.pdf","data\text\Mike S. Schäfer, & Xiaoyue Yan (2023). News and Social Media Imagery of Climate Change. Unknown Journal.txt",yes,yes
15,Analyzing YouTube users’ comments on climate change issues presented through immersive mixed reality using sentiment analysis and network analysis tools,Naglaa Elgammal; Hadeer Ahmed Mohamed; Sara Abdel Latif Abdel Halim; Fathia Sabry Abd ElRahman; Hala Elalfy Fawzy,2026,Frontiers in Communication,https://doi.org/10.3389/fcomm.2025.1657059,https://doi.org/10.3389/fcomm.2025.1657059,https://public-pages-files-2025.frontiersin.org/journals/communication/articles/10.3389/fcomm.2025.1657059/pdf,public-pages-files-2025.frontiersin.org,Frontiers Media,article,en,47,direct,direct_yt_climate; direct_yt_comments,downloaded,,"Naglaa Elgammal, et al (2026). Analyzing YouTube users’ comments on climate change issues presented through immersive mixed reality using sentiment ana. Frontiers in Communication.pdf","by_region/pdf_region/Europe/Serbia/Naglaa Elgammal, et al (2026). Analyzing YouTube users’ comments on climate change issues presented through im [15-ebb1e9b1].pdf","data\text\Naglaa Elgammal, et al (2026). Analyzing YouTube users’ comments on climate change issues presented through immersive mixed reality using sentiment ana. Frontiers in Communication.txt",yes,yes
13,Framing of Climate Change in Pakistani YouTube Content: A Content Analysis of Climate-Related Videos Across Selected Communication Channels,Nasir Iqbal Malik; Muazzam Arif; Iqra Tariq; Azam Khan; Mian Muhammad Ramazan,2025,Regional lens.,https://doi.org/10.55737/rl.2025.44138,https://doi.org/10.55737/rl.2025.44138,https://regionallens.com/index.php/rl/article/download/138/172,regionallens.com,,article,,47,direct,direct_yt_climate; yt_comm,downloaded,,"Nasir Iqbal Malik, et al (2025). Framing of Climate Change in Pakistani YouTube Content - A Content Analysis of Climate-Related Videos Across Selected Co. Regional lens.pdf","by_region/pdf_region/Asia/Pakistan/Nasir Iqbal Malik, et al (2025). Framing of Climate Change in Pakistani YouTube Content - A Content Analysis o [13-8e1a7bfc].pdf","data\text\Nasir Iqbal Malik, et al (2025). Framing of Climate Change in Pakistani YouTube Content - A Content Analysis of Climate-Related Videos Across Selected Co. Regional lens.txt",yes,yes
230,Characterising climate change discourse on social media during extreme weather events,Nicholas Roxburgh; Dabo Guan; Kong Joo Shin; William Rand; Shunsuke Managi; Robin Lovelace; Jing Meng,2018,Global Environmental Change,https://doi.org/10.1016/j.gloenvcha.2018.11.004,https://doi.org/10.1016/j.gloenvcha.2018.11.004,https://ueaeprints.uea.ac.uk/id/eprint/69664/1/Accepted_Manuscript.pdf,ueaeprints.uea.ac.uk,Elsevier BV,article,en,19,direct,social_media_discourse; social_media_framing,downloaded,,"Nicholas Roxburgh, et al (2018). Characterising climate change discourse on social media during extreme weather events. Global Environmental Change.pdf","by_region/pdf_region/Europe/United Kingdom/Nicholas Roxburgh, et al (2018). Characterising climate change discourse on social media during extreme weather events. Global Environmental Change.pdf","data\text\Nicholas Roxburgh, et al (2018). Characterising climate change discourse on social media during extreme weather events. Global Environmental Change.txt",yes,yes
160,Using algorithms to identify social activism and climate skepticism in user-generated content on Twitter,Nuria Villagra García; Ana Reyes-Menéndez; Jorge Clemente Mediavilla; Dimitrina Jivkova Semova,2023,El Profesional de la Informacion,https://doi.org/10.3145/epi.2023.may.15,https://doi.org/10.3145/epi.2023.may.15,https://revista.profesionaldelainformacion.com/index.php/EPI/article/download/87155/63420,revista.profesionaldelainformacion.com,Ediciones Profesionales de la Informacion SL,article,en,23,direct,social_media_misinfo; social_media_polarization,downloaded_additional,,"Nuria Villagra García, et al (2023). Using algorithms to identify social activism and climate skepticism in user-generated content on Twitter. El Profesional de la Informacion.pdf","by_region/pdf_region/Europe/Spain/Nuria Villagra García, et al (2023). Using algorithms to identify social activism and climate skepticism in us [160-5fd2e478].pdf","data\text\Nuria Villagra García, et al (2023). Using algorithms to identify social activism and climate skepticism in user-generated content on Twitter. El Profesional de la Informacion.txt",yes,yes
71,The Construction of Climate Change Discourse in Online News Comment Sections: A Critical Discourse Analysis,Orhewere J.A.; Olley W.O.,2023,African Journal of Social Sciences and Humanities Research,https://doi.org/10.52589/ajsshr-5cmy6rva,http://dx.doi.org/10.52589/ajsshr-5cmy6rva,https://abjournals.org/ajsshr/wp-content/uploads/sites/9/journal/published_paper/volume-6/issue-4/AJSSHR_5CMY6RVA.pdf,abjournals.org,,article,en,34,direct,social_media_comments,downloaded_retry,,"Orhewere J.A., & Olley W.O (2023). The Construction of Climate Change Discourse in Online News Comment Sections - A Critical Discourse Analy [71-778510a5].pdf","by_region/pdf_region/Africa/Nigeria/Orhewere J.A., & Olley W.O (2023). The Construction of Climate Change Discourse in Online News Comment Sections - A Critical Discourse Analy [71-778510a5].pdf","data\text\Orhewere J.A., & Olley W.O (2023). The Construction of Climate Change Discourse in Online News Comment Sections - A Critical Discourse Analy [71-778510a5].txt",yes,yes
22,Science by YouTube: an Analysis of YouTube’s Recommendations on the Climate Change Issue,Pınar Dündar; Heritiana Renaud Ranaivoson,2022,Observatorio (OBS*),https://doi.org/10.15847/obsobs16320222061,https://doi.org/10.15847/obsobs16320222061,https://obs.obercom.pt/index.php/obs/article/download/2061/188188192,obs.obercom.pt,OberCom (Observatorio da Comunicação),article,en,44,direct,direct_yt_climate; video_platform; yt_comm; yt_denial,downloaded,,"Pınar Dündar, & Heritiana Renaud Ranaivoson (2022). Science by YouTube - an Analysis of YouTube’s Recommendations on the Climate Change Issue. Observatorio (OBS).pdf","by_region/pdf_region/Europe-Asia/Turkey/Pınar Dündar, & Heritiana Renaud Ranaivoson (2022). Science by YouTube - an Analysis of YouTube’s Recommendat [22-35baf729].pdf","data\text\Pınar Dündar, & Heritiana Renaud Ranaivoson (2022). Science by YouTube - an Analysis of YouTube’s Recommendations on the Climate Change Issue. Observatorio (OBS).txt",yes,yes
55,"Scientists, but deny science? Climate change sceptics networks on YouTube led by scientists",Q. Y. Liu; Y. H. Kim; Jeff Hemsley,2025,Information Research an international electronic journal,https://doi.org/10.47989/ir30iconf47212,https://doi.org/10.47989/ir30iconf47212,https://publicera.kb.se/ir/article/download/47212/37090,publicera.kb.se,University of Borås,article,en,36,direct,direct_yt_climate; direct_yt_comments,downloaded,,"Q. Y. Liu, et al (2025). Scientists, but deny science Climate change sceptics networks on YouTube led by scientists. Information Research an international electronic journal.pdf","by_region/pdf_region/North America/United States/Q. Y. Liu, et al (2025). Scientists, but deny science Climate change sceptics networks on YouTube led by scien [55-70d7cb0f].pdf","data\text\Q. Y. Liu, et al (2025). Scientists, but deny science Climate change sceptics networks on YouTube led by scientists. Information Research an international electronic journal.txt",yes,yes
96,Do fossil fuel firms reframe online climate and sustainability communication? A data-driven analysis,Ramit Debnath; Daniel Ebanks; Kamiar Mohaddes; Thomas J. Roulet; R. Michael Alvarez,2023,npj Climate Action,https://doi.org/10.1038/s44168-023-00086-x,https://doi.org/10.1038/s44168-023-00086-x,https://www.nature.com/articles/s44168-023-00086-x.pdf,www.nature.com,,article,en,27,direct,social_media_misinfo,downloaded,,"Ramit Debnath, et al (2023). Do fossil fuel firms reframe online climate and sustainability communication A data-driven analysis. npj Climate Action.pdf","by_region/pdf_region/North America/United States/Ramit Debnath, et al (2023). Do fossil fuel firms reframe online climate and sustainability communication A da [96-9b1849be].pdf","data\text\Ramit Debnath, et al (2023). Do fossil fuel firms reframe online climate and sustainability communication A data-driven analysis. npj Climate Action.txt",yes,yes
5,"Social media influence on young people and children: Analysis on Instagram, Twitter and YouTube",Raquel Lozano-Blasco; Marta Mira-Aladrén; Mercedes Gil‐Lamata,2022,Comunicar,https://doi.org/10.3916/c74-2023-10,https://doi.org/10.3916/c74-2023-10,https://www.revistacomunicar.com/verpdf.php?numero=74&articulo=74-2023-10,www.revistacomunicar.com,Grupo Comunicar Ediciones,article,en,47,direct,content_analysis; direct_yt_climate,downloaded_additional,,"Raquel Lozano-Blasco, et al (2022). Social media influence on young people and children - Analysis on Instagram, Twitter and YouTube. Comunicar.pdf","by_region/pdf_region/Europe/Spain/Raquel Lozano-Blasco, et al (2022). Social media influence on young people and children - Analysis on Instagram, Twitter and YouTube. Comunicar.pdf","data\text\Raquel Lozano-Blasco, et al (2022). Social media influence on young people and children - Analysis on Instagram, Twitter and YouTube. Comunicar.txt",yes,yes
103,Optimizing Social Media Platforms to Foster Active Public Engagement in Tackling Climate Change and Environmental Conservation,Rina Lestari; Achmad Nurmandi; Muhammad Younus; Herman Lawelai; Wahdania Suardi,2025,Society,https://doi.org/10.33019/society.v13i1.742,https://doi.org/10.33019/society.v13i1.742,https://societyfisipubb.id/index.php/society/article/download/742/603,societyfisipubb.id,,article,en,27,direct,social_media_engagement,downloaded_additional,,"Rina Lestari, et al (2025). Optimizing Social Media Platforms to Foster Active Public Engagement in Tackling Climate Change and Environmental Conservation. Society.pdf","by_region/pdf_region/Asia/Indonesia/Rina Lestari, et al (2025). Optimizing Social Media Platforms to Foster Active Public Engagement in Tackling C [103-03b957d8].pdf","data\text\Rina Lestari, et al (2025). Optimizing Social Media Platforms to Foster Active Public Engagement in Tackling Climate Change and Environmental Conservation. Society.txt",yes,yes
56,"Fracking on YouTube: Exploring Risks, Benefits and Human Values",Rusi Jaspal; Andrew Turner; Brigitte Nerlich,2014,Environmental Values,https://doi.org/10.3197/096327114x13947900181473,https://doi.org/10.3197/096327114x13947900181473,https://research-information.bris.ac.uk/ws/files/50389627/Fracking_on_Youtube_paper.pdf,research-information.bris.ac.uk,SAGE Publishing,article,en,19,indirect,yt_denial,downloaded,,"Rusi Jaspal, et al (2014). Fracking on YouTube - Exploring Risks, Benefits and Human Values. Environmental Values.pdf","by_region/pdf_region/Europe/United Kingdom/Rusi Jaspal, et al (2014). Fracking on YouTube - Exploring Risks, Benefits and Human Values. Environmental Values.pdf","data\text\Rusi Jaspal, et al (2014). Fracking on YouTube - Exploring Risks, Benefits and Human Values. Environmental Values.txt",yes,yes
50,A Survey on Energy Consumption and Environmental Impact of Video Streaming,Samira Afzal; Narges Mehran; Zoha Azimi Ourimi; Farzad Tashtarian; Hadi Amirpour; Radu Prodan; Christian Timmerer,2024,arXiv (Cornell University),https://doi.org/10.48550/arxiv.2401.09854,http://arxiv.org/abs/2401.09854,https://arxiv.org/pdf/2401.09854,arxiv.org,Cornell University,preprint,en,38,direct,direct_yt_climate; env_comm_video; yt_comm,downloaded_additional,,"Samira Afzal, et al (2024). A Survey on Energy Consumption and Environmental Impact of Video Streaming. arXiv (Cornell University).pdf","by_region/pdf_region/Unknown/Unknown/Samira Afzal, et al (2024). A Survey on Energy Consumption and Environmental Impact of Video Streaming. arXiv (Cornell University).pdf","data\text\Samira Afzal, et al (2024). A Survey on Energy Consumption and Environmental Impact of Video Streaming. arXiv (Cornell University).txt",yes,yes
33,Potentials and Limitations of Educational Videos on YouTube for Science Communication,Sarah Kohler; Tabea Clara Dietrich,2021,Frontiers in Communication,https://doi.org/10.3389/fcomm.2021.581302,https://doi.org/10.3389/fcomm.2021.581302,https://www.frontiersin.org/articles/10.3389/fcomm.2021.581302/pdf,www.frontiersin.org,Frontiers Media,article,en,43,direct,direct_yt_climate; yt_comm,downloaded,,"Sarah Kohler, & Tabea Clara Dietrich (2021). Potentials and Limitations of Educational Videos on YouTube for Science Communication. Frontiers in Communication.pdf","by_region/pdf_region/Europe/Germany/Sarah Kohler, & Tabea Clara Dietrich (2021). Potentials and Limitations of Educational Videos on YouTube for Science Communication. Frontiers in Communication.pdf","data\text\Sarah Kohler, & Tabea Clara Dietrich (2021). Potentials and Limitations of Educational Videos on YouTube for Science Communication. Frontiers in Communication.txt",yes,yes
92,Relative engagement with sources of climate misinformation is growing across social media platforms,Saverio Storani; Max Falkenberg; Walter Quattrociocchi; Matteo Cinelli,2025,Scientific Reports,https://doi.org/10.1038/s41598-025-03082-9,https://doi.org/10.1038/s41598-025-03082-9,https://www.nature.com/articles/s41598-025-03082-9.pdf,www.nature.com,Nature Portfolio,article,en,30,direct,direct_yt_climate; social_media_misinfo; yt_misinfo,downloaded,,"Saverio Storani, et al (2025). Relative engagement with sources of climate misinformation is growing across social media platforms. Scientific Reports.pdf","by_region/pdf_region/Europe/Italy/Saverio Storani, et al (2025). Relative engagement with sources of climate misinformation is growing across social media platforms. Scientific Reports.pdf","data\text\Saverio Storani, et al (2025). Relative engagement with sources of climate misinformation is growing across social media platforms. Scientific Reports.txt",yes,yes
363,Beyond climate change? Environmental discourse on the planetary boundaries in Twitter networks,Shreya Dubey; Marijn H. C. Meijers; Eline Suzanne Smit; Edith G. Smit,2024,Climatic Change,https://doi.org/10.1007/s10584-024-03729-y,https://doi.org/10.1007/s10584-024-03729-y,https://link.springer.com/content/pdf/10.1007/s10584-024-03729-y.pdf,link.springer.com,Springer Science+Business Media,article,en,12,direct,network; social_media_discourse,downloaded_additional,,"Shreya Dubey, et al (2024). Beyond climate change Environmental discourse on the planetary boundaries in Twitter networks. Climatic Change.pdf","by_region/pdf_region/Europe/Netherlands/Shreya Dubey, et al (2024). Beyond climate change Environmental discourse on the planetary boundaries in Twitter networks. Climatic Change.pdf","data\text\Shreya Dubey, et al (2024). Beyond climate change Environmental discourse on the planetary boundaries in Twitter networks. Climatic Change.txt",yes,yes
21,Negotiating the Data Deluge on YouTube: Practices of Knowledge Appropriation and Articulated Ambiguity Around Visual Scenarios of Sea-Level Rise Futures,Simon David Hirsbrunner,2021,Frontiers in Communication,https://doi.org/10.3389/fcomm.2021.613167,https://doi.org/10.3389/fcomm.2021.613167,https://www.frontiersin.org/articles/10.3389/fcomm.2021.613167/pdf,www.frontiersin.org,Frontiers Media,article,en,44,direct,direct_yt_climate; direct_yt_comments; social_media_comments,downloaded_text_extract_failed,"FileNotFoundError(2, 'No such file or directory')",Simon David Hirsbrunner (2021). Negotiating the Data Deluge on YouTube - Practices of Knowledge Appropriation and Articulated Ambiguity Around Visual Sc. Frontiers in Communication.pdf,by_region/pdf_region/Europe/France/Simon David Hirsbrunner (2021). Negotiating the Data Deluge on YouTube - Practices of Knowledge Appropriation [21-8f07f694].pdf,data\text\__rank_21__.txt,yes,yes
10,Climate Communication in the Hybrid Media System: Media and Stakeholder Logics on Social Media,Simon M. Luebke; Nadezhda Ozornina; Mario Haim; Jörg Haßler,2025,Media and Communication,https://doi.org/10.17645/mac.9892,https://doi.org/10.17645/mac.9892,https://www.cogitatiopress.com/mediaandcommunication/article/download/9552/4403,www.cogitatiopress.com,Cogitatio,article,en,47,direct,content_analysis; direct_yt_climate; yt_comm,downloaded,,"Simon M. Luebke, et al (2025). Climate Communication in the Hybrid Media System - Media and Stakeholder Logics on Social Media. Media and Communication.pdf","by_region/pdf_region/North America/United States/Simon M. Luebke, et al (2025). Climate Communication in the Hybrid Media System - Media and Stakeholder Logics [10-63a250a2].pdf","data\text\Simon M. Luebke, et al (2025). Climate Communication in the Hybrid Media System - Media and Stakeholder Logics on Social Media. Media and Communication.txt",yes,yes
174,"Into the Digital Wild: Utilizing Twitter, Instagram, YouTube, and Facebook for Effective Science and Environmental Communication",Sophie Pavelle; Clare Wilkinson,2020,Frontiers in Communication,https://doi.org/10.3389/fcomm.2020.575122,https://doi.org/10.3389/fcomm.2020.575122,https://www.frontiersin.org/articles/10.3389/fcomm.2020.575122/pdf,www.frontiersin.org,Frontiers Media,article,en,22,direct,env_comm_video,downloaded_retry,,"Sophie Pavelle, & Clare Wilkinson (2020). Into the Digital Wild - Utilizing Twitter, Instagram, YouTube, and Facebook for Effective Science [174-abf80d7c].pdf","by_region/pdf_region/Europe/United Kingdom/Sophie Pavelle, & Clare Wilkinson (2020). Into the Digital Wild - Utilizing Twitter, Instagram, YouTube, and F [174-1fc64150].pdf","data\text\Sophie Pavelle, & Clare Wilkinson (2020). Into the Digital Wild - Utilizing Twitter, Instagram, YouTube, and Facebook for Effective Science [174-abf80d7c].txt",yes,yes
49,"Science and the public: Debate, denial, and skepticism",Stephan Lewandowsky; Michael Mann; Nicholas J. L. Brown; Harris L. Friedman,2016,Journal of Social and Political Psychology,https://doi.org/10.5964/jspp.v4i2.604,https://doi.org/10.5964/jspp.v4i2.604,https://jspp.psychopen.eu/index.php/jspp/article/download/4965/4965.pdf,jspp.psychopen.eu,PsychOpen,article,en,21,indirect,yt_denial; yt_skepticism,downloaded,,"Stephan Lewandowsky, et al (2016). Science and the public - Debate, denial, and skepticism. Journal of Social and Political Psychology.pdf","by_region/pdf_region/Europe/United Kingdom/Stephan Lewandowsky, et al (2016). Science and the public - Debate, denial, and skepticism. Journal of Social and Political Psychology.pdf","data\text\Stephan Lewandowsky, et al (2016). Science and the public - Debate, denial, and skepticism. Journal of Social and Political Psychology.txt",yes,yes
287,Ideological biases in social sharing of online information about climate change,Tristan J. B. Cann; Iain S. Weaver; Hywel T. P. Williams,2021,PLoS ONE,https://doi.org/10.1371/journal.pone.0250656,https://doi.org/10.1371/journal.pone.0250656,https://journals.plos.org/plosone/article/file?id=10.1371/journal.pone.0250656&type=printable,journals.plos.org,Public Library of Science,article,en,16,direct,social_media_engagement,downloaded,,"Tristan J. B. Cann, et al (2021). Ideological biases in social sharing of online information about climate change. PLoS ONE.pdf","by_region/pdf_region/Europe/United Kingdom/Tristan J. B. Cann, et al (2021). Ideological biases in social sharing of online information about climate change. PLoS ONE.pdf","data\text\Tristan J. B. Cann, et al (2021). Ideological biases in social sharing of online information about climate change. PLoS ONE.txt",yes,yes
76,Video Engagement Effectiveness on Climate Change: An empirical investigation on university students,Vaggelis Saprikis; Zeinab Shahbazi; Vasiliki Christodoulou; Manuel Bächtold; Vered Aharonson; Sławomir Nowaczyk,2024,E3S Web of Conferences,https://doi.org/10.1051/e3sconf/202458504002,https://doi.org/10.1051/e3sconf/202458504002,https://www.e3s-conferences.org/articles/e3sconf/pdf/2024/115/e3sconf_iced2024_04002.pdf,www.e3s-conferences.org,EDP Sciences,article,en,34,direct,direct_yt_climate,downloaded_additional,,"Vaggelis Saprikis, et al (2024). Video Engagement Effectiveness on Climate Change - An empirical investigation on university students. E3S Web of Conferences.pdf","by_region/pdf_region/Europe/Greece/Vaggelis Saprikis, et al (2024). Video Engagement Effectiveness on Climate Change - An empirical investigation on university students. E3S Web of Conferences.pdf","data\text\Vaggelis Saprikis, et al (2024). Video Engagement Effectiveness on Climate Change - An empirical investigation on university students. E3S Web of Conferences.txt",yes,yes
26,Video features predicting engagement in climate change education,Vasiliki Christodoulou; Vaggelis Saprikis; Louiza Kythreotou; Monogios Christodoulos; Ece Calikus; Jared Joselowitz,2023,E3S Web of Conferences,https://doi.org/10.1051/e3sconf/202343606009,https://doi.org/10.1051/e3sconf/202343606009,https://www.e3s-conferences.org/articles/e3sconf/pdf/2023/73/e3sconf_iced2023_06009.pdf,www.e3s-conferences.org,EDP Sciences,article,en,44,direct,direct_yt_climate; direct_yt_comments,downloaded,,"Vasiliki Christodoulou, et al (2023). Video features predicting engagement in climate change education. E3S Web of Conferences.pdf","by_region/pdf_region/Europe-Asia/Cyprus/Vasiliki Christodoulou, et al (2023). Video features predicting engagement in climate change education. E3S Web of Conferences.pdf","data\text\Vasiliki Christodoulou, et al (2023). Video features predicting engagement in climate change education. E3S Web of Conferences.txt",yes,yes
52,On Presenters and Commenters in YouTube Climate Change Videos,Vered Aharonson; Jared Joselowitz,2024,European Conference on Social Media,https://doi.org/10.34190/ecsm.11.1.2076,https://doi.org/10.34190/ecsm.11.1.2076,https://papers.academic-conferences.org/index.php/ecsm/article/download/2076/2050,papers.academic-conferences.org,,article,en,37,direct,direct_yt_climate; direct_yt_comments,downloaded_retry_existing,,"Vered Aharonson, & Jared Joselowitz (2024). On Presenters and Commenters in YouTube Climate Change Videos. European Conference on Social Media.pdf","by_region/pdf_region/Africa/South Africa/Vered Aharonson, & Jared Joselowitz (2024). On Presenters and Commenters in YouTube Climate Change Videos. European Conference on Social Media.pdf","data\text\Vered Aharonson, & Jared Joselowitz (2024). On Presenters and Commenters in YouTube Climate Change Videos. European Conference on Social Media.txt",yes,yes
323,Discourses of climate delay,William F. Lamb; Giulio Mattioli; Sebastian Levi; J. Timmons Roberts; Stuart Capstick; Felix Creutzig; Jan C. Minx; Finn Müller-Hansen; Trevor Culhane; J. Steinberger,2020,Global Sustainability,https://doi.org/10.1017/sus.2020.13,https://doi.org/10.1017/sus.2020.13,https://www.cambridge.org/core/services/aop-cambridge-core/content/view/7B11B722E3E3454BB6212378E32985A7/S2059479820000137a.pdf/div-class-title-discourses-of-climate-delay-div.pdf,www.cambridge.org,Cambridge University Press,article,en,14,direct,social_media_misinfo,downloaded,,"William F. Lamb, et al (2020). Discourses of climate delay. Global Sustainability.pdf","by_region/pdf_region/Europe/Germany/William F. Lamb, et al (2020). Discourses of climate delay. Global Sustainability.pdf","data\text\William F. Lamb, et al (2020). Discourses of climate delay. Global Sustainability.txt",yes,yes
4,Promoting Green Brand of University in Social Media: Text Mining and Sentiment Analysis,Yana Us; Tetyana Pimonenko; Oleksii Lyulyov; Yang Chen; Tatjana Tambovceva,2022,Virtual Economics,https://doi.org/10.34021/ve.2022.05.01(2),https://doi.org/10.34021/ve.2022.05.01(2),https://www.virtual-economics.eu/index.php/VE/article/download/142/98,www.virtual-economics.eu,,article,en,47,direct,direct_yt_climate,downloaded,,"Yana Us, et al (2022). Promoting Green Brand of University in Social Media - Text Mining and Sentiment Analysis. Virtual Economics.pdf","by_region/pdf_region/Europe/Ukraine/Yana Us, et al (2022). Promoting Green Brand of University in Social Media - Text Mining and Sentiment Analysis. Virtual Economics.pdf","data\text\Yana Us, et al (2022). Promoting Green Brand of University in Social Media - Text Mining and Sentiment Analysis. Virtual Economics.txt",yes,yes
34,Shaping climate change discourse: the nexus between political media landscape and recommendation systems in social networks,Yousef Sakieh,2023,Social Network Analysis and Mining,https://doi.org/10.1007/s13278-023-01175-9,https://doi.org/10.1007/s13278-023-01175-9,https://link.springer.com/content/pdf/10.1007/s13278-023-01175-9.pdf,link.springer.com,Springer Science+Business Media,article,en,43,direct,content_analysis; direct_yt_climate; social_media_discourse,downloaded,,Yousef Sakieh (2023). Shaping climate change discourse - the nexus between political media landscape and recommendation systems in social netw. Social Network Analysis and Mining.pdf,by_region/pdf_region/Europe/Finland/Yousef Sakieh (2023). Shaping climate change discourse - the nexus between political media landscape and recom [34-3081736f].pdf,data\text\Yousef Sakieh (2023). Shaping climate change discourse - the nexus between political media landscape and recommendation systems in social netw. Social Network Analysis and Mining.txt,yes,yes
120,Bridging ideologies: analyzing the use of moral language and framing in social media discourse on climate change by U.S. congress members through computational approaches,Yunya Song; Jonathon P. Schuldt; Yin Zhang; Ziwei Wang; Y. Connie Yuan; Sheng Zou; Jun Li,2025,Climatic Change,https://doi.org/10.1007/s10584-025-03898-4,https://doi.org/10.1007/s10584-025-03898-4,https://link.springer.com/content/pdf/10.1007/s10584-025-03898-4.pdf,link.springer.com,Springer Science+Business Media,article,en,26,direct,social_media_discourse; social_media_framing,downloaded,,"Yunya Song, et al (2025). Bridging ideologies - analyzing the use of moral language and framing in social media discourse on climate change by U.S. Climatic Change.pdf","by_region/pdf_region/Asia/Hong Kong/Yunya Song, et al (2025). Bridging ideologies - analyzing the use of moral language and framing in social medi [120-cd24fc5b].pdf","data\text\Yunya Song, et al (2025). Bridging ideologies - analyzing the use of moral language and framing in social media discourse on climate change by U.S. Climatic Change.txt",yes,yes
73,Effective Elements of Climate Change Videos on the YouTube Platform,Zeinab Shahbazi; Sławomir Nowaczyk,2024,European Conference on Social Media,https://doi.org/10.34190/ecsm.11.1.2134,https://doi.org/10.34190/ecsm.11.1.2134,https://papers.academic-conferences.org/index.php/ecsm/article/download/2134/2078,papers.academic-conferences.org,,article,en,34,direct,direct_yt_climate; yt_comm,downloaded_retry,,"Zeinab Shahbazi, & Sławomir Nowaczyk (2024). Effective Elements of Climate Change Videos on the YouTube Platform. European Conference on Social Media.pdf","by_region/pdf_region/Europe/Sweden/Zeinab Shahbazi, & Sławomir Nowaczyk (2024). Effective Elements of Climate Change Videos on the YouTube Platform. European Conference on Social Media.pdf","data\text\Zeinab Shahbazi, & Sławomir Nowaczyk (2024). Effective Elements of Climate Change Videos on the YouTube Platform. European Conference on Social Media.txt",yes,yes
